kode,nama_perusahaan,tanggal_pencatatan,jumlah_saham,papan_pencatatan,sektor,ticker_yf
AALI,Astra Agro Lestari Tbk.,1997-12-09,1924688333.0,Utama,Consumer Non-Cyclicals,AALI.JK
ABBA,Mahaka Media Tbk.,2002-04-03,3935892857.0,Pemantauan Khusus,Consumer Cyclicals,ABBA.JK
ABDA,Asuransi Bina Dana Arta Tbk.,1989-07-06,620806680.0,Pemantauan Khusus,Financials,ABDA.JK
ABMM,ABM Investama Tbk.,2011-12-06,2753165000.0,Utama,Energy,ABMM.JK
ACES,Aspirasi Hidup Indonesia Tbk.,2007-11-06,17120389700.0,Utama,Consumer Cyclicals,ACES.JK
ACRO,Samcro Hyosung Adilestari Tbk.,2024-01-11,3469157288.0,Pengembangan,Consumer Cyclicals,ACRO.JK
ACST,Acset Indonusa Tbk.,2013-06-24,12675160000.0,Pengembangan,Infrastructure,ACST.JK
ADCP,Adhi Commuter Properti Tbk.,2021-05-21,22222222200.0,Pengembangan,Properties & Real Estate,ADCP.JK
ADES,Akasha Wira International Tbk.,1994-06-13,589896800.0,Pengembangan,Consumer Non-Cyclicals,ADES.JK
ADHI,Adhi Karya (Persero) Tbk.,2004-03-18,8407608979.0,Utama,Infrastructure,ADHI.JK
ADMF,Adira Dinamika Multi Finance T,2004-03-31,1000000000.0,Pengembangan,Financials,ADMF.JK
ADMG,Polychem Indonesia Tbk,1993-10-20,3889179559.0,Pengembangan,Basic Materials,ADMG.JK
ADMR,Alamtri Minerals Indonesia Tbk,2022-01-03,40882331500.0,Utama,Energy,ADMR.JK
ADRO,Alamtri Resources Indonesia Tb,2008-07-16,30758665900.0,Utama,Energy,ADRO.JK
AEGS,Anugerah Spareparts Sejahtera,2023-09-11,1006080721.0,Akselerasi,Consumer Cyclicals,AEGS.JK
AGAR,Asia Sejahtera Mina Tbk.,2019-12-02,1000000000.0,Pengembangan,Consumer Non-Cyclicals,AGAR.JK
AGII,Samator Indo Gas Tbk.,2016-09-28,3066660000.0,Pengembangan,Basic Materials,AGII.JK
AGRO,Bank Raya Indonesia Tbk.,2003-08-08,24493093216.0,Utama,Financials,AGRO.JK
AGRS,Bank IBK Indonesia Tbk.,2014-12-22,47367057874.0,Pengembangan,Financials,AGRS.JK
AHAP,Asuransi Harta Aman Pratama Tbk.,1990-09-14,4900000000.0,Pengembangan,Financials,AHAP.JK
AIMS,Artha Mahiya Investama Tbk.,2001-07-20,220000000.0,Pengembangan,Energy,AIMS.JK
AISA,FKS Food Sejahtera Tbk.,1997-06-11,9311800000.0,Utama,Consumer Non-Cyclicals,AISA.JK
AKKU,Anugerah Kagum Karya Utama Tbk,2004-11-01,6449463636.0,Pemantauan Khusus,Consumer Cyclicals,AKKU.JK
AKPI,Argha Karya Prima Industry Tbk,1992-12-18,612248000.0,Pengembangan,Basic Materials,AKPI.JK
AKRA,AKR Corporindo Tbk.,1994-10-03,20073474600.0,Utama,Energy,AKRA.JK
AKSI,Mineral Sumberdaya Mandiri Tbk,2001-07-13,720000000.0,Pengembangan,Transportation & Logistics,AKSI.JK
ALDO,Alkindo Naratama Tbk.,2011-07-12,2700713744.0,Pengembangan,Basic Materials,ALDO.JK
ALII,Ancara Logistics Indonesia Tbk,2024-02-07,15825800000.0,Utama,Energy,ALII.JK
ALKA,Alakasa Industrindo Tbk,1990-07-12,507665055.0,Pengembangan,Basic Materials,ALKA.JK
ALMI,Alumindo Light Metal Industry,1997-01-02,3816000000.0,Pemantauan Khusus,Basic Materials,ALMI.JK
ALTO,Tri Banyan Tirta Tbk.,2012-07-10,2191870558.0,Pemantauan Khusus,Consumer Non-Cyclicals,ALTO.JK
AMAG,Asuransi Multi Artha Guna Tbk.,2005-12-23,5001552516.0,Pengembangan,Financials,AMAG.JK
AMAN,Makmur Berkah Amanda Tbk.,2020-03-13,3873500000.0,Pengembangan,Properties & Real Estate,AMAN.JK
AMAR,Bank Amar Indonesia Tbk.,2020-01-09,18197283760.0,Pengembangan,Financials,AMAR.JK
AMFG,Asahimas Flat Glass Tbk.,1995-11-08,434000000.0,Utama,Industrials,AMFG.JK
AMIN,Ateliers Mecaniques D Indonesi,2015-12-10,1080000000.0,Pengembangan,Industrials,AMIN.JK
AMMN,Amman Mineral Internasional Tb,2023-07-07,72518217656.0,Utama,Basic Materials,AMMN.JK
AMMS,Agung Menjangan Mas Tbk.,2022-08-04,1200056021.0,Akselerasi,Consumer Non-Cyclicals,AMMS.JK
AMOR,Ashmore Asset Management Indon,2020-01-14,2222222400.0,Pengembangan,Financials,AMOR.JK
AMRT,Sumber Alfaria Trijaya Tbk.,2009-01-15,41524501700.0,Utama,Consumer Non-Cyclicals,AMRT.JK
ANDI,Andira Agro Tbk.,2018-08-16,9350000000.0,Pemantauan Khusus,Consumer Non-Cyclicals,ANDI.JK
ANJT,Austindo Nusantara Jaya Tbk.,2013-05-08,3354175000.0,Pengembangan,Consumer Non-Cyclicals,ANJT.JK
ANTM,Aneka Tambang Tbk.,1997-11-27,24030764725.0,Utama,Basic Materials,ANTM.JK
APEX,Apexindo Pratama Duta Tbk.,2013-06-05,3546466661.0,Pengembangan,Energy,APEX.JK
APIC,Pacific Strategic Financial Tb,2002-12-18,11766313488.0,Pengembangan,Financials,APIC.JK
APII,Arita Prima Indonesia Tbk.,2013-10-29,1075760000.0,Pengembangan,Industrials,APII.JK
APLI,Asiaplast Industries Tbk.,2000-05-01,1362671400.0,Pengembangan,Basic Materials,APLI.JK
APLN,Agung Podomoro Land Tbk.,2010-11-11,22699326779.0,Utama,Properties & Real Estate,APLN.JK
ARCI,Archi Indonesia Tbk.,2021-06-28,24835000000.0,Pengembangan,Basic Materials,ARCI.JK
AREA,Dunia Virtual Online Tbk.,2024-04-01,2539601000.0,Pengembangan,Technology,AREA.JK
ARGO,Argo Pantes Tbk,1991-01-07,3174339029.0,Pengembangan,Consumer Cyclicals,ARGO.JK
ARII,Atlas Resources Tbk.,2011-11-08,3431000000.0,Pengembangan,Energy,ARII.JK
ARKA,Arkha Jayanti Persada Tbk.,2019-07-10,2000000000.0,Pemantauan Khusus,Industrials,ARKA.JK
ARKO,Arkora Hydro Tbk.,2022-07-08,2928495000.0,Pengembangan,Infrastructure,ARKO.JK
ARMY,Armidian Karyatama Tbk.,2017-06-21,9006250000.0,Pemantauan Khusus,Properties & Real Estate,ARMY.JK
ARNA,Arwana Citramulia Tbk.,2001-07-17,7341430976.0,Utama,Industrials,ARNA.JK
ARTA,Arthavest Tbk,2002-11-05,446674175.0,Pemantauan Khusus,Consumer Cyclicals,ARTA.JK
ARTI,Ratu Prabu Energi Tbk,2003-04-30,7840000000.0,Pemantauan Khusus,Energy,ARTI.JK
ARTO,Bank Jago Tbk.,2016-01-12,13718448700.0,Utama,Financials,ARTO.JK
ASBI,Asuransi Bintang Tbk.,1989-11-29,348386472.0,Pengembangan,Financials,ASBI.JK
ASDM,Asuransi Dayin Mitra Tbk.,1989-12-15,384000000.0,Pengembangan,Financials,ASDM.JK
ASGR,Astra Graphia Tbk.,1989-11-15,1348780500.0,Utama,Industrials,ASGR.JK
ASHA,Cilacap Samudera Fishing Indus,2022-05-27,5000000000.0,Pemantauan Khusus,Consumer Non-Cyclicals,ASHA.JK
ASII,Astra International Tbk.,1990-04-04,40483553140.0,Utama,Industrials,ASII.JK
ASJT,Asuransi Jasa Tania Tbk.,2003-12-23,1400000000.0,Pengembangan,Financials,ASJT.JK
ASLC,Autopedia Sukses Lestari Tbk.,2022-01-25,12746354780.0,Pengembangan,Consumer Cyclicals,ASLC.JK
ASLI,Asri Karya Lestari Tbk.,2024-01-05,6250000000.0,Pengembangan,Infrastructure,ASLI.JK
ASMI,Asuransi Maximus Graha Persada,2014-01-16,8958380460.0,Pemantauan Khusus,Financials,ASMI.JK
ASPI,Andalan Sakti Primaindo Tbk.,2020-02-17,681823317.0,Pengembangan,Properties & Real Estate,ASPI.JK
ASRI,Alam Sutera Realty Tbk.,2007-12-18,19649411888.0,Utama,Properties & Real Estate,ASRI.JK
ASRM,Asuransi Ramayana Tbk.,1990-03-19,1217135360.0,Pengembangan,Financials,ASRM.JK
ASSA,Adi Sarana Armada Tbk.,2012-11-12,3691137517.0,Utama,Transportation & Logistics,ASSA.JK
ATAP,Trimitra Prawara Goldland Tbk.,2020-12-11,1250000000.0,Pemantauan Khusus,Properties & Real Estate,ATAP.JK
ATIC,Anabatic Technologies Tbk.,2015-07-08,2315361355.0,Pengembangan,Technology,ATIC.JK
ATLA,Atlantis Subsea Indonesia Tbk.,2024-04-16,6199526452.0,Pengembangan,Energy,ATLA.JK
AUTO,Astra Otoparts Tbk.,1998-06-15,4819733000.0,Utama,Consumer Cyclicals,AUTO.JK
AVIA,Avia Avian Tbk.,2021-12-08,61953555600.0,Utama,Basic Materials,AVIA.JK
AWAN,Era Digital Media Tbk.,2023-04-18,3435000000.0,Pengembangan,Technology,AWAN.JK
AXIO,Tera Data Indonusa Tbk.,2022-07-20,5840126500.0,Utama,Technology,AXIO.JK
AYAM,Janu Putra Sejahtera Tbk.,2023-11-30,4000000000.0,Pengembangan,Consumer Non-Cyclicals,AYAM.JK
AYLS,Arkayana Lestari Grup Tbk,2020-02-12,853423236.0,Pengembangan,Basic Materials,AYLS.JK
PTBA,Bukit Asam Tbk.,2002-12-23,11520659250.0,Utama,Energy,PTBA.JK
BABP,Bank MNC Internasional Tbk.,2002-07-15,44014333126.0,Pengembangan,Financials,BABP.JK
BABY,Multitrend Indo Tbk.,2023-09-07,2616226706.0,Pengembangan,Consumer Cyclicals,BABY.JK
BACA,Bank Capital Indonesia Tbk.,2007-10-04,19753494636.0,Utama,Financials,BACA.JK
BAIK,Bersama Mencapai Puncak Tbk.,2024-02-15,1125000000.0,Pengembangan,Consumer Cyclicals,BAIK.JK
BAJA,Saranacentral Bajatama Tbk.,2011-12-21,1800000000.0,Pengembangan,Basic Materials,BAJA.JK
BALI,Bali Towerindo Sentra Tbk.,2014-03-13,3934592500.0,Utama,Infrastructure,BALI.JK
BANK,Bank Aladin Syariah Tbk.,2021-02-01,14621940588.0,Utama,Financials,BANK.JK
BAPA,Bekasi Asri Pemula Tbk.,2008-01-14,661784520.0,Pengembangan,Properties & Real Estate,BAPA.JK
BAPI,Bhakti Agung Propertindo Tbk.,2019-09-16,5591980103.0,Pemantauan Khusus,Properties & Real Estate,BAPI.JK
BATA,Sepatu Bata Tbk.,1982-03-24,1300000000.0,Pengembangan,Consumer Cyclicals,BATA.JK
BATR,Benteng Api Technic Tbk.,2024-06-10,3025000000.0,Pengembangan,Basic Materials,BATR.JK
BAUT,Mitra Angkasa Sejahtera Tbk.,2022-01-28,4800139307.0,Pemantauan Khusus,Consumer Cyclicals,BAUT.JK
BAYU,Bayu Buana Tbk,1989-10-30,353220780.0,Pengembangan,Consumer Cyclicals,BAYU.JK
BBCA,Bank Central Asia Tbk.,2000-05-31,122042299500.0,Utama,Financials,BBCA.JK
BBHI,Allo Bank Indonesia Tbk.,2015-08-12,21512953877.0,Utama,Financials,BBHI.JK
BBKP,Bank KB Bukopin Tbk.,2006-07-10,185819884852.0,Utama,Financials,BBKP.JK
BBLD,Buana Finance Tbk.,1990-05-07,1645796054.0,Pengembangan,Financials,BBLD.JK
BBMD,Bank Mestika Dharma Tbk.,2013-07-08,4049189100.0,Pengembangan,Financials,BBMD.JK
BBNI,Bank Negara Indonesia (Persero) Tbk.,1996-11-25,36924339786.0,Utama,Financials,BBNI.JK
BBRI,Bank Rakyat Indonesia (Persero) Tbk.,2003-11-10,150043411587.0,Utama,Financials,BBRI.JK
BBRM,Pelayaran Nasional Bina Buana,2013-01-09,8479490328.0,Pengembangan,Energy,BBRM.JK
BBSI,Krom Bank Indonesia Tbk.,2020-09-07,3637976068.0,Pengembangan,Financials,BBSI.JK
BBSS,Bumi Benowo Sukses Sejahtera T,2020-04-15,4800016020.0,Pengembangan,Properties & Real Estate,BBSS.JK
BBTN,Bank Tabungan Negara (Persero),2009-12-17,13894099969.0,Utama,Financials,BBTN.JK
BBYB,Bank Neo Commerce Tbk.,2015-01-13,13216977523.0,Utama,Financials,BBYB.JK
BCAP,MNC Kapital Indonesia Tbk.,2001-06-08,42618850927.0,Utama,Financials,BCAP.JK
BCIC,Bank JTrust Indonesia Tbk.,1997-06-25,17926071041.0,Pengembangan,Financials,BCIC.JK
BCIP,Bumi Citra Permai Tbk.,2009-12-11,1429915525.0,Pengembangan,Properties & Real Estate,BCIP.JK
BDKR,Berdikari Pondasi Perkasa Tbk.,2023-03-03,4725101522.0,Utama,Infrastructure,BDKR.JK
BDMN,Bank Danamon Indonesia Tbk.,1989-12-06,9675817341.0,Utama,Financials,BDMN.JK
BEBS,Berkah Beton Sadaya Tbk.,2021-03-10,45000000000.0,Pemantauan Khusus,Basic Materials,BEBS.JK
BEEF,Estika Tata Tiara Tbk.,2019-01-10,7186061591.0,Pengembangan,Consumer Non-Cyclicals,BEEF.JK
BEER,Jobubu Jarum Minahasa Tbk.,2023-01-06,4000000000.0,Pengembangan,Consumer Non-Cyclicals,BEER.JK
BEKS,Bank Pembangunan Daerah Banten,2001-07-13,51351733883.0,Pemantauan Khusus,Financials,BEKS.JK
BELI,Global Digital Niaga Tbk.,2022-11-08,128110737143.0,Ekonomi Baru,Technology,BELI.JK
BELL,Trisula Textile Industries Tbk,2017-10-03,7250000000.0,Pengembangan,Consumer Cyclicals,BELL.JK
BESS,Batulicin Nusantara Maritim Tb,2020-03-09,3440455528.0,Pengembangan,Energy,BESS.JK
BEST,Bekasi Fajar Industrial Estate,2012-04-10,9647311150.0,Utama,Properties & Real Estate,BEST.JK
BFIN,BFI Finance Indonesia Tbk.,1990-05-16,15967115620.0,Utama,Financials,BFIN.JK
BGTG,Bank Ganesha Tbk.,2016-05-12,23731287132.0,Pengembangan,Financials,BGTG.JK
BHAT,Bhakti Multi Artha Tbk.,2020-04-15,5000000000.0,Pengembangan,Financials,BHAT.JK
BHIT,MNC Asia Holding Tbk.,1997-11-24,86068156705.0,Pemantauan Khusus,Industrials,BHIT.JK
BIKA,Binakarya Jaya Abadi Tbk.,2015-07-14,592280000.0,Pemantauan Khusus,Properties & Real Estate,BIKA.JK
BIKE,Sepeda Bersama Indonesia Tbk.,2022-03-21,1293916404.0,Pengembangan,Consumer Cyclicals,BIKE.JK
BIMA,Primarindo Asia Infrastructure,1994-08-30,608175716.0,Pengembangan,Consumer Cyclicals,BIMA.JK
BINA,Bank Ina Perdana Tbk.,2014-01-16,6073369498.0,Utama,Financials,BINA.JK
BINO,Perma Plasindo Tbk.,2021-11-25,2275316111.0,Pengembangan,Industrials,BINO.JK
BIPI,Astrindo Nusantara Infrastrukt,2010-02-11,63710196917.0,Pengembangan,Energy,BIPI.JK
BIPP,Bhuwanatala Indah Permai Tbk.,1995-10-23,5028669376.0,Pemantauan Khusus,Properties & Real Estate,BIPP.JK
BIRD,Blue Bird Tbk.,2014-11-05,2502100000.0,Utama,Transportation & Logistics,BIRD.JK
BISI,BISI International Tbk.,2007-05-28,3000000000.0,Utama,Consumer Non-Cyclicals,BISI.JK
BJBR,Bank Pembangunan Daerah Jawa B,2010-07-08,10416229249.0,Utama,Financials,BJBR.JK
BJTM,Bank Pembangunan Daerah Jawa T,2012-07-12,14865343101.0,Utama,Financials,BJTM.JK
BKDP,Bukit Darmo Property Tbk.,2007-06-15,7513992252.0,Pemantauan Khusus,Properties & Real Estate,BKDP.JK
BKSL,Sentul City Tbk.,1997-07-28,167708902705.0,Pemantauan Khusus,Properties & Real Estate,BKSL.JK
BKSW,Bank QNB Indonesia Tbk.,2002-11-21,34806467881.0,Pengembangan,Financials,BKSW.JK
BLES,Superior Prima Sukses Tbk.,2024-07-08,8890206400.0,Utama,Basic Materials,BLES.JK
BLTA,Berlian Laju Tanker Tbk,1990-03-26,25940187103.0,Pemantauan Khusus,Transportation & Logistics,BLTA.JK
BLTZ,Graha Layar Prima Tbk.,2014-04-10,873937142.0,Pemantauan Khusus,Consumer Cyclicals,BLTZ.JK
BLUE,Berkah Prima Perkasa Tbk.,2019-07-08,418000000.0,Pengembangan,Industrials,BLUE.JK
BMAS,Bank Maspion Indonesia Tbk.,2013-07-11,17921635680.0,Pemantauan Khusus,Financials,BMAS.JK
BMBL,Lavender Bina Cendikia Tbk.,2023-01-11,1030080995.0,Akselerasi,Consumer Cyclicals,BMBL.JK
BMHS,Bundamedik Tbk.,2021-07-06,8603416176.0,Utama,Healthcare,BMHS.JK
BMRI,Bank Mandiri (Persero) Tbk.,2003-07-14,92399999996.0,Utama,Financials,BMRI.JK
BMSR,Bintang Mitra Semestaraya Tbk,1999-12-29,1159200024.0,Pengembangan,Basic Materials,BMSR.JK
BMTR,Global Mediacom Tbk.,1995-07-17,16583997586.0,Utama,Consumer Cyclicals,BMTR.JK
BNBA,Bank Bumi Arta Tbk.,2006-06-01,3354120000.0,Pengembangan,Financials,BNBA.JK
BNBR,Bakrie & Brothers Tbk,1989-08-28,160057457509.0,Pemantauan Khusus,Industrials,BNBR.JK
BNGA,Bank CIMB Niaga Tbk.,1989-11-29,24890783784.0,Utama,Financials,BNGA.JK
BNII,Bank Maybank Indonesia Tbk.,1989-11-21,75357433911.0,Utama,Financials,BNII.JK
BNLI,Bank Permata Tbk.,1990-01-15,35819545925.0,Pengembangan,Financials,BNLI.JK
BOAT,Newport Marine Services Tbk.,2024-11-12,3501680000.0,Pengembangan,Energy,BOAT.JK
BOBA,Formosa Ingredient Factory Tbk,2021-11-01,1155750000.0,Pengembangan,Consumer Non-Cyclicals,BOBA.JK
BOGA,Apollo Global Interactive Tbk,2016-12-19,3803526210.0,Pengembangan,Consumer Cyclicals,BOGA.JK
BOLA,Bali Bintang Sejahtera Tbk.,2019-06-17,6000000000.0,Utama,Consumer Cyclicals,BOLA.JK
BOLT,Garuda Metalindo Tbk.,2015-07-07,2343750000.0,Pengembangan,Consumer Cyclicals,BOLT.JK
BOSS,Borneo Olah Sarana Sukses Tbk.,2018-02-15,1400000000.0,Pemantauan Khusus,Energy,BOSS.JK
BPFI,Woori Finance Indonesia Tbk.,2009-06-01,2673995362.0,Pengembangan,Financials,BPFI.JK
BPII,Batavia Prosperindo Internasio,2014-07-08,10309973240.0,Pengembangan,Financials,BPII.JK
BPTR,Batavia Prosperindo Trans Tbk.,2018-07-09,3534000000.0,Pengembangan,Transportation & Logistics,BPTR.JK
BRPT,Barito Pacific Tbk.,1993-10-01,93747218044.0,Utama,Basic Materials,BRPT.JK
BRAM,Indo Kordsa Tbk.,1990-09-05,450056980.0,Pengembangan,Consumer Cyclicals,BRAM.JK
BREN,Barito Renewables Energy Tbk.,2023-10-09,133786220000.0,Utama,Infrastructure,BREN.JK
BRIS,Bank Syariah Indonesia Tbk.,2018-05-09,45667877639.0,Utama,Financials,BRIS.JK
BRMS,Bumi Resources Minerals Tbk.,2010-12-09,141784040338.0,Utama,Basic Materials,BRMS.JK
BRNA,Berlina Tbk.,1989-11-06,979110000.0,Pemantauan Khusus,Basic Materials,BRNA.JK
BSBK,Wulandari Bangun Laksana Tbk.,2022-11-08,25091882375.0,Utama,Properties & Real Estate,BSBK.JK
BSDE,Bumi Serpong Damai Tbk.,2008-06-06,21171365812.0,Utama,Properties & Real Estate,BSDE.JK
BSIM,Bank Sinarmas Tbk.,2010-12-13,19517921842.0,Utama,Financials,BSIM.JK
BSML,Bintang Samudera Mandiri Lines,2021-12-16,1850225000.0,Pengembangan,Energy,BSML.JK
BSSR,Baramulti Suksessarana Tbk.,2012-11-08,2616500000.0,Pengembangan,Energy,BSSR.JK
BSWD,Bank Of India Indonesia Tbk.,2002-05-01,3651978177.0,Pemantauan Khusus,Financials,BSWD.JK
BTEK,Bumi Teknokultura Unggul Tbk,2004-05-14,46277496376.0,Pemantauan Khusus,Consumer Non-Cyclicals,BTEK.JK
BTEL,Bakrie Telecom Tbk.,2006-02-03,36822665755.0,Pemantauan Khusus,Infrastructure,BTEL.JK
BTON,Betonjaya Manunggal Tbk.,2001-07-18,720000000.0,Pengembangan,Basic Materials,BTON.JK
BTPN,Bank SMBC Indonesia Tbk.,2008-03-12,10536203690.0,Utama,Financials,BTPN.JK
BTPS,Bank BTPN Syariah Tbk.,2018-05-08,7626663000.0,Utama,Financials,BTPS.JK
BUAH,Segar Kumala Indonesia Tbk.,2022-08-09,1000000000.0,Pengembangan,Consumer Non-Cyclicals,BUAH.JK
BUDI,Budi Starch & Sweetener Tbk.,1995-05-08,4498997362.0,Utama,Consumer Non-Cyclicals,BUDI.JK
BUKA,Bukalapak.com Tbk.,2021-08-06,103121636167.0,Ekonomi Baru,Technology,BUKA.JK
BUKK,Bukaka Teknik Utama Tbk.,2015-06-29,2640452000.0,Pengembangan,Infrastructure,BUKK.JK
BULL,Buana Lintas Lautan Tbk.,2011-05-23,14117801449.0,Pengembangan,Energy,BULL.JK
BUMI,Bumi Resources Tbk.,1990-07-30,371322136553.0,Utama,Energy,BUMI.JK
BUVA,Bukit Uluwatu Villa Tbk.,2010-07-12,20590473213.0,Pengembangan,Consumer Cyclicals,BUVA.JK
BVIC,Bank Victoria International Tb,1999-06-30,15690050343.0,Utama,Financials,BVIC.JK
BWPT,Eagle High Plantations Tbk.,2009-10-27,31525291000.0,Utama,Consumer Non-Cyclicals,BWPT.JK
BYAN,Bayan Resources Tbk.,2008-08-12,33333335000.0,Utama,Energy,BYAN.JK
CAKK,Cahayaputra Asa Keramik Tbk.,2018-10-31,1203300219.0,Pengembangan,Industrials,CAKK.JK
CAMP,Campina Ice Cream Industry Tbk,2017-12-19,5885000000.0,Pengembangan,Consumer Non-Cyclicals,CAMP.JK
CANI,Capitol Nusantara Indonesia Tb,2014-01-16,833440000.0,Pemantauan Khusus,Energy,CANI.JK
CARE,Metro Healthcare Indonesia Tbk,2020-03-13,33250000000.0,Pengembangan,Healthcare,CARE.JK
CARS,Industri dan Perdagangan Bintr,2017-04-10,15000000000.0,Utama,Consumer Cyclicals,CARS.JK
CASA,Capital Financial Indonesia Tb,2016-07-19,54476269803.0,Pengembangan,Financials,CASA.JK
CASH,Cashlez Worldwide Indonesia Tb,2020-05-04,1431125517.0,Akselerasi,Technology,CASH.JK
CASS,Cardig Aero Services Tbk.,2011-12-05,2086950000.0,Utama,Infrastructure,CASS.JK
CBMF,Cahaya Bintang Medan Tbk.,2020-04-09,1875000000.0,Pemantauan Khusus,Consumer Cyclicals,CBMF.JK
CBPE,Citra Buana Prasida Tbk.,2023-01-06,1356250000.0,Pengembangan,Properties & Real Estate,CBPE.JK
CBRE,Cakra Buana Resources Energi T,2023-01-09,4538057561.0,Pemantauan Khusus,Energy,CBRE.JK
CBUT,Citra Borneo Utama Tbk.,2022-11-08,3125000000.0,Utama,Consumer Non-Cyclicals,CBUT.JK
CCSI,Communication Cable Systems In,2019-06-18,1199999998.0,Pengembangan,Industrials,CCSI.JK
CEKA,Wilmar Cahaya Indonesia Tbk.,1996-07-09,595000000.0,Pengembangan,Consumer Non-Cyclicals,CEKA.JK
CENT,Centratama Telekomunikasi Indo,2001-11-01,31183464900.0,Pemantauan Khusus,Infrastructure,CENT.JK
CFIN,Clipan Finance Indonesia Tbk.,1990-08-27,3984520457.0,Utama,Financials,CFIN.JK
CGAS,Citra Nusantara Gemilang Tbk.,2024-01-08,1771485574.0,Pengembangan,Energy,CGAS.JK
CHEM,Chemstar Indonesia Tbk.,2022-07-08,1700014594.0,Pengembangan,Basic Materials,CHEM.JK
CHIP,Pelita Teknologi Global Tbk.,2023-02-08,806000000.0,Akselerasi,Technology,CHIP.JK
CINT,Chitose Internasional Tbk.,2014-06-27,1000000000.0,Pengembangan,Consumer Cyclicals,CINT.JK
CITA,Cita Mineral Investindo Tbk.,2002-03-20,3960361250.0,Pengembangan,Basic Materials,CITA.JK
CITY,Natura City Developments Tbk.,2018-09-28,5405188966.0,Pengembangan,Properties & Real Estate,CITY.JK
CLAY,Citra Putra Realty Tbk.,2019-01-18,2570000000.0,Pemantauan Khusus,Consumer Cyclicals,CLAY.JK
CLEO,Sariguna Primatirta Tbk.,2017-05-05,12000000000.0,Utama,Consumer Non-Cyclicals,CLEO.JK
CLPI,Colorpak Indonesia Tbk.,2001-11-30,306338500.0,Pengembangan,Basic Materials,CLPI.JK
CMNP,Citra Marga Nusaphala Persada,1995-01-10,5437498079.0,Utama,Infrastructure,CMNP.JK
CMNT,Cemindo Gemilang Tbk.,2021-09-08,17125504000.0,Utama,Basic Materials,CMNT.JK
CMPP,AirAsia Indonesia Tbk.,1994-12-08,10685124441.0,Pemantauan Khusus,Transportation & Logistics,CMPP.JK
CMRY,Cisarua Mountain Dairy Tbk.,2021-12-06,7934683000.0,Utama,Consumer Non-Cyclicals,CMRY.JK
CNKO,Exploitasi Energi Indonesia Tb,2001-11-20,8956361206.0,Pemantauan Khusus,Energy,CNKO.JK
CNMA,Nusantara Sejahtera Raya Tbk.,2023-08-02,83345000000.0,Utama,Consumer Cyclicals,CNMA.JK
CNTX,Century Textile Industry Tbk.,1979-05-22,70000000.0,Pemantauan Khusus,Consumer Cyclicals,CNTX.JK
COAL,Black Diamond Resources Tbk.,2022-09-07,6250000000.0,Pemantauan Khusus,Energy,COAL.JK
COCO,Wahana Interfood Nusantara Tbk,2019-03-20,889863981.0,Pengembangan,Consumer Non-Cyclicals,COCO.JK
COWL,Cowell Development Tbk.,2007-12-19,4871214021.0,Pemantauan Khusus,Properties & Real Estate,COWL.JK
CPIN,Charoen Pokphand Indonesia Tbk,1991-03-18,16398000000.0,Utama,Consumer Non-Cyclicals,CPIN.JK
CPRI,Capri Nusa Satu Properti Tbk.,2019-04-11,2433379958.0,Pemantauan Khusus,Properties & Real Estate,CPRI.JK
CPRO,Central Proteina Prima Tbk.,2006-11-28,59572382787.0,Pengembangan,Consumer Non-Cyclicals,CPRO.JK
CRAB,Toba Surimi Industries Tbk.,2022-08-10,1950000000.0,Pengembangan,Consumer Non-Cyclicals,CRAB.JK
CRSN,Carsurin Tbk.,2023-07-10,2892000000.0,Pengembangan,Industrials,CRSN.JK
CSAP,Catur Sentosa Adiprana Tbk.,2007-12-12,5683175151.0,Pengembangan,Consumer Cyclicals,CSAP.JK
CSIS,Cahayasakti Investindo Sukses,2017-05-10,1307000000.0,Pemantauan Khusus,Properties & Real Estate,CSIS.JK
CSMI,Cia Selera Murni Tbk.,2020-04-09,816061500.0,Pemantauan Khusus,Consumer Cyclicals,CSMI.JK
CSRA,Cisadane Sawit Raya Tbk.,2020-01-09,2050000000.0,Pengembangan,Consumer Non-Cyclicals,CSRA.JK
CTBN,Citra Tubindo Tbk.,1989-11-28,800371500.0,Pemantauan Khusus,Basic Materials,CTBN.JK
CTRA,Ciputra Development Tbk.,1994-03-28,18535695255.0,Utama,Properties & Real Estate,CTRA.JK
CTTH,Citatah Tbk.,1996-07-03,1230839821.0,Pemantauan Khusus,Industrials,CTTH.JK
CUAN,Petrindo Jaya Kreasi Tbk.,2023-03-08,11241890000.0,Utama,Energy,CUAN.JK
CYBR,ITSEC Asia Tbk.,2023-08-08,6449584143.0,Pengembangan,Technology,CYBR.JK
DAAZ,Daaz Bara Lestari Tbk.,2024-11-11,1997000000.0,Utama,Basic Materials,DAAZ.JK
DADA,Diamond Citra Propertindo Tbk.,2020-02-14,7431530800.0,Pemantauan Khusus,Properties & Real Estate,DADA.JK
DART,Duta Anggada Realty Tbk.,1990-05-08,3141390962.0,Pengembangan,Properties & Real Estate,DART.JK
DATA,Remala Abadi Tbk.,2024-05-07,1375000000.0,Pengembangan,Infrastructure,DATA.JK
DAYA,Duta Intidaya Tbk.,2016-06-28,2420547025.0,Pengembangan,Consumer Non-Cyclicals,DAYA.JK
DCII,DCI Indonesia Tbk.,2021-01-06,2383745900.0,Pengembangan,Technology,DCII.JK
DEAL,Dewata Freightinternational Tb,2018-11-11,1146170959.0,Pemantauan Khusus,Transportation & Logistics,DEAL.JK
DEFI,Danasupra Erapacific Tbk.,2001-07-06,687266666.0,Pemantauan Khusus,Financials,DEFI.JK
DEPO,Caturkarda Depo Bangunan Tbk.,2021-11-25,6790000000.0,Pengembangan,Consumer Cyclicals,DEPO.JK
DEWA,Darma Henwa Tbk,2007-09-26,21853733792.0,Utama,Energy,DEWA.JK
DEWI,Dewi Shri Farmindo Tbk.,2022-07-18,2000000000.0,Pengembangan,Consumer Non-Cyclicals,DEWI.JK
DFAM,Dafam Property Indonesia Tbk.,2018-04-27,1899852850.0,Pengembangan,Consumer Cyclicals,DFAM.JK
DGIK,Nusa Konstruksi Enjiniring Tbk,2007-12-19,5541165000.0,Pengembangan,Infrastructure,DGIK.JK
DGNS,Diagnos Laboratorium Utama Tbk,2021-01-15,1250000000.0,Pengembangan,Healthcare,DGNS.JK
DIGI,Arkadia Digital Media Tbk.,2018-09-18,1625000000.0,Pemantauan Khusus,Consumer Cyclicals,DIGI.JK
DILD,Intiland Development Tbk.,1991-09-04,10365854185.0,Utama,Properties & Real Estate,DILD.JK
DIVA,Distribusi Voucher Nusantara T,2018-11-27,1428571400.0,Pengembangan,Technology,DIVA.JK
DKFT,Central Omega Resources Tbk.,1997-11-21,5638246600.0,Pengembangan,Basic Materials,DKFT.JK
DLTA,Delta Djakarta Tbk.,1984-02-27,800659050.0,Utama,Consumer Non-Cyclicals,DLTA.JK
DMAS,Puradelta Lestari Tbk.,2015-05-29,48198111100.0,Utama,Properties & Real Estate,DMAS.JK
DMMX,Digital Mediatama Maxima Tbk.,2019-10-21,7692307700.0,Pengembangan,Technology,DMMX.JK
DMND,Diamond Food Indonesia Tbk.,2020-01-22,9468359000.0,Pemantauan Khusus,Consumer Non-Cyclicals,DMND.JK
DNAR,Bank Oke Indonesia Tbk.,2014-07-11,16867292274.0,Pengembangan,Financials,DNAR.JK
DNET,Indoritel Makmur Internasional,2000-12-11,14184000000.0,Pengembangan,Financials,DNET.JK
DOID,Delta Dunia Makmur Tbk.,2001-06-15,7651007132.0,Utama,Energy,DOID.JK
DOOH,Era Media Sejahtera Tbk.,2023-05-08,7737562251.0,Pengembangan,Consumer Cyclicals,DOOH.JK
DOSS,Global Sukses Digital Tbk.,2024-08-07,1725000000.0,Pengembangan,Consumer Cyclicals,DOSS.JK
DPNS,Duta Pertiwi Nusantara Tbk.,1990-08-08,331129952.0,Pengembangan,Basic Materials,DPNS.JK
DPUM,Dua Putra Utama Makmur Tbk.,2015-12-08,4175000000.0,Pemantauan Khusus,Consumer Non-Cyclicals,DPUM.JK
DRMA,Dharma Polimetal Tbk.,2021-12-20,4705882300.0,Utama,Consumer Cyclicals,DRMA.JK
DSFI,Dharma Samudera Fishing Indust,2000-03-24,1857135500.0,Pengembangan,Consumer Non-Cyclicals,DSFI.JK
DSNG,Dharma Satya Nusantara Tbk.,2013-06-14,10599842400.0,Utama,Consumer Non-Cyclicals,DSNG.JK
DSSA,Dian Swastatika Sentosa Tbk,2009-12-10,7705523200.0,Utama,Energy,DSSA.JK
PTDU,Djasa Ubersakti Tbk.,2020-12-08,1500000000.0,Pemantauan Khusus,Infrastructure,PTDU.JK
DUCK,Jaya Bersama Indo Tbk.,2018-10-10,1283330000.0,Pemantauan Khusus,Consumer Cyclicals,DUCK.JK
DUTI,Duta Pertiwi Tbk,1994-11-02,1850000000.0,Pemantauan Khusus,Properties & Real Estate,DUTI.JK
DVLA,Darya-Varia Laboratoria Tbk.,1994-11-11,1120000000.0,Pengembangan,Healthcare,DVLA.JK
DWGL,Dwi Guna Laksana Tbk.,2017-12-13,9252820991.0,Pengembangan,Energy,DWGL.JK
DYAN,Dyandra Media International Tb,2013-03-25,4272964279.0,Pengembangan,Industrials,DYAN.JK
EAST,Eastparc Hotel Tbk.,2019-07-09,4126405336.0,Pengembangan,Consumer Cyclicals,EAST.JK
ECII,Electronic City Indonesia Tbk.,2013-07-03,1334333000.0,Pengembangan,Consumer Cyclicals,ECII.JK
EDGE,Indointernet Tbk.,2021-02-08,2020250000.0,Pengembangan,Technology,EDGE.JK
EKAD,Ekadharma International Tbk.,1990-08-14,3493875000.0,Pengembangan,Basic Materials,EKAD.JK
ELIT,Data Sinergitama Jaya Tbk.,2023-01-06,2031643057.0,Pengembangan,Technology,ELIT.JK
ELPI,Pelayaran Nasional Ekalya Purn,2022-08-08,7412000000.0,Utama,Transportation & Logistics,ELPI.JK
ELSA,Elnusa Tbk.,2008-02-06,7298500000.0,Utama,Energy,ELSA.JK
ELTY,Bakrieland Development Tbk.,1995-10-30,43521913019.0,Pemantauan Khusus,Properties & Real Estate,ELTY.JK
EMDE,Megapolitan Developments Tbk.,2011-01-12,3350000000.0,Pengembangan,Properties & Real Estate,EMDE.JK
EMTK,Elang Mahkota Teknologi Tbk.,2010-01-12,61316751483.0,Utama,Technology,EMTK.JK
ENAK,Champ Resto Indonesia Tbk.,2022-02-08,2166666800.0,Pengembangan,Consumer Cyclicals,ENAK.JK
ENRG,Energi Mega Persada Tbk.,2004-06-07,24821230250.0,Utama,Energy,ENRG.JK
ENVY,Envy Technologies Indonesia Tb,2019-07-08,1800000000.0,Pemantauan Khusus,Technology,ENVY.JK
ENZO,Morenzo Abadi Perkasa Tbk.,2020-09-14,2162547122.0,Pemantauan Khusus,Consumer Non-Cyclicals,ENZO.JK
EPAC,Megalestari Epack Sentosaraya,2020-07-01,3303400000.0,Pemantauan Khusus,Basic Materials,EPAC.JK
EPMT,Enseval Putera Megatrading Tbk,1994-08-01,2708640000.0,Pengembangan,Consumer Non-Cyclicals,EPMT.JK
ERAA,Erajaya Swasembada Tbk.,2011-12-14,15950000000.0,Utama,Consumer Cyclicals,ERAA.JK
ERAL,Sinar Eka Selaras Tbk.,2023-08-08,5187500000.0,Utama,Consumer Cyclicals,ERAL.JK
ERTX,Eratex Djaja Tbk.,1990-08-21,1286539792.0,Pengembangan,Consumer Cyclicals,ERTX.JK
ESIP,Sinergi Inti Plastindo Tbk.,2019-11-14,1109953847.0,Pemantauan Khusus,Basic Materials,ESIP.JK
ESSA,ESSA Industries Indonesia Tbk.,2012-02-01,17226975700.0,Utama,Basic Materials,ESSA.JK
ESTA,Esta Multi Usaha Tbk.,2020-03-09,2425354179.0,Pengembangan,Consumer Cyclicals,ESTA.JK
ESTI,Ever Shine Tex Tbk.,1992-10-13,2015208720.0,Pemantauan Khusus,Consumer Cyclicals,ESTI.JK
ETWA,Eterindo Wahanatama Tbk,1997-05-16,4668671400.0,Pemantauan Khusus,Basic Materials,ETWA.JK
EURO,Estee Gold Feet Tbk.,2022-08-08,2548826428.0,Akselerasi,Consumer Non-Cyclicals,EURO.JK
EXCL,XLSMART Telecom Sejahtera Tbk,2005-09-29,13128430665.0,Utama,Infrastructure,EXCL.JK
FAPA,FAP Agri Tbk.,2021-01-04,3629411800.0,Pengembangan,Consumer Non-Cyclicals,FAPA.JK
FAST,Fast Food Indonesia Tbk.,1993-05-11,3990277158.0,Pengembangan,Consumer Cyclicals,FAST.JK
FASW,Fajar Surya Wisesa Tbk.,1994-12-19,2477888787.0,Pemantauan Khusus,Basic Materials,FASW.JK
FILM,MD Entertainment Tbk.,2018-08-07,9897787962.0,Utama,Consumer Cyclicals,FILM.JK
FIMP,Fimperkasa Utama Tbk.,2021-04-09,400000975.0,Pemantauan Khusus,Infrastructure,FIMP.JK
FIRE,Alfa Energi Investama Tbk.,2017-06-09,1475363179.0,Pengembangan,Energy,FIRE.JK
FISH,FKS Multi Agro Tbk.,2002-01-18,480000000.0,Pemantauan Khusus,Consumer Non-Cyclicals,FISH.JK
FITT,Hotel Fitra International Tbk.,2019-06-11,1304272051.0,Pengembangan,Consumer Cyclicals,FITT.JK
FLMC,Falmaco Nonwoven Industri Tbk.,2021-07-08,781250000.0,Akselerasi,Consumer Non-Cyclicals,FLMC.JK
FMII,Fortune Mate Indonesia Tbk,2000-06-30,6400000000.0,Pengembangan,Properties & Real Estate,FMII.JK
FOLK,Multi Garam Utama Tbk.,2023-08-07,3948141464.0,Pengembangan,Industrials,FOLK.JK
FOOD,Sentra Food Indonesia Tbk.,2019-01-08,650000000.0,Pengembangan,Consumer Non-Cyclicals,FOOD.JK
FORU,Fortune Indonesia Tbk,2002-01-17,465224000.0,Pengembangan,Consumer Cyclicals,FORU.JK
FORZ,Forza Land Indonesia Tbk.,2017-04-28,1984009887.0,Pemantauan Khusus,Properties & Real Estate,FORZ.JK
FPNI,Lotte Chemical Titan Tbk.,2002-03-21,5566414000.0,Pengembangan,Basic Materials,FPNI.JK
FREN,Smartfren Telecom Tbk.,2006-11-29,476703804464.0,Pemantauan Khusus,Infrastructure,FREN.JK
FUJI,Fuji Finance Indonesia Tbk.,2019-07-09,1300000000.0,Pengembangan,Financials,FUJI.JK
FUTR,Futura Energi Global Tbk,2023-02-27,6390108330.0,Pemantauan Khusus,Consumer Cyclicals,FUTR.JK
FWCT,Wijaya Cahaya Timber Tbk.,2023-02-01,1875000000.0,Pengembangan,Basic Materials,FWCT.JK
GAMA,Aksara Global Development Tbk.,2012-07-11,10011027656.0,Pemantauan Khusus,Properties & Real Estate,GAMA.JK
GDST,Gunawan Dianjaya Steel Tbk.,2009-12-23,9242500000.0,Pengembangan,Basic Materials,GDST.JK
GDYR,Goodyear Indonesia Tbk.,1980-12-22,410000000.0,Pengembangan,Consumer Cyclicals,GDYR.JK
GEMA,Gema Grahasarana Tbk.,2002-08-12,1600000000.0,Pengembangan,Consumer Cyclicals,GEMA.JK
GEMS,Golden Energy Mines Tbk.,2011-11-17,5882353000.0,Utama,Energy,GEMS.JK
GGRM,Gudang Garam Tbk.,1990-08-27,1924088000.0,Utama,`,GGRM.JK
GGRP,Gunung Raja Paksi Tbk.,2019-09-19,12111376157.0,Pemantauan Khusus,Basic Materials,GGRP.JK
GHON,Gihon Telekomunikasi Indonesia,2018-04-09,550000000.0,Pengembangan,Infrastructure,GHON.JK
GIAA,Garuda Indonesia (Persero) Tbk,2011-02-11,91480783837.0,Pemantauan Khusus,Transportation & Logistics,GIAA.JK
GJTL,Gajah Tunggal Tbk.,1990-05-08,3484800000.0,Utama,Consumer Cyclicals,GJTL.JK
GLOB,Globe Kita Terang Tbk.,2012-07-10,1111112000.0,Pemantauan Khusus,Consumer Cyclicals,GLOB.JK
GLVA,Galva Technologies Tbk.,2019-12-23,1500000000.0,Pengembangan,Technology,GLVA.JK
GMFI,Garuda Maintenance Facility Ae,2017-10-10,28233511500.0,Pemantauan Khusus,Infrastructure,GMFI.JK
GMTD,Gowa Makassar Tourism Developm,2000-12-11,1015380000.0,Pengembangan,Properties & Real Estate,GMTD.JK
GOLD,Visi Telekomunikasi Infrastruk,2010-07-07,1277276000.0,Pengembangan,Infrastructure,GOLD.JK
GOLF,Intra Golflink Resorts Tbk.,2024-07-08,19486760000.0,Utama,Consumer Cyclicals,GOLF.JK
GOLL,Golden Plantation Tbk.,2014-12-23,3665000759.0,Pemantauan Khusus,Consumer Non-Cyclicals,GOLL.JK
GOOD,Garudafood Putra Putri Jaya Tb,2018-10-10,36897901455.0,Utama,Consumer Non-Cyclicals,GOOD.JK
GOTO,GoTo Gojek Tokopedia Tbk.,2022-04-11,1140573267220.0,Ekonomi Baru,Technology,GOTO.JK
GPRA,Perdana Gapuraprima Tbk.,2007-10-10,4276655336.0,Pengembangan,Properties & Real Estate,GPRA.JK
GPSO,Geoprima Solusi Tbk.,2021-09-06,666741103.0,Pengembangan,Industrials,GPSO.JK
GRIA,Ingria Pratama Capitalindo Tbk,2023-08-08,7375720674.0,Pengembangan,Properties & Real Estate,GRIA.JK
GRPH,Griha Putra Persada Tbk.,2024-01-17,1000000000.0,Pengembangan,Consumer Cyclicals,GRPH.JK
GRPM,Graha Prima Mentari Tbk.,2023-07-10,1545059559.0,Akselerasi,Consumer Non-Cyclicals,GRPM.JK
GSMF,Equity Development Investment,1989-10-23,14230399705.0,Pengembangan,Financials,GSMF.JK
GTBO,Garda Tujuh Buana Tbk,2009-07-09,2500000000.0,Pengembangan,Energy,GTBO.JK
GTRA,Grahaprima Suksesmandiri Tbk.,2023-03-30,1894375000.0,Pengembangan,Transportation & Logistics,GTRA.JK
GTSI,GTS Internasional Tbk.,2021-09-08,15819142767.0,Pemantauan Khusus,Energy,GTSI.JK
GULA,Aman Agrindo Tbk.,2022-08-03,1070362500.0,Pengembangan,Consumer Non-Cyclicals,GULA.JK
GUNA,Gunanusa Eramandiri Tbk.,2024-07-09,2500000000.0,Pengembangan,Consumer Non-Cyclicals,GUNA.JK
GWSA,Greenwood Sejahtera Tbk.,2011-12-23,7800760000.0,Utama,Consumer Cyclicals,GWSA.JK
GZCO,Gozco Plantations Tbk.,2008-05-15,6000000000.0,Pengembangan,Consumer Non-Cyclicals,GZCO.JK
HADE,Himalaya Energi Perkasa Tbk.,2004-04-12,2120000000.0,Pemantauan Khusus,Infrastructure,HADE.JK
HAIS,Hasnur Internasional Shipping,2021-09-01,2626250000.0,Pengembangan,Transportation & Logistics,HAIS.JK
HAJJ,Arsy Buana Travelindo Tbk.,2023-04-05,2290526380.0,Akselerasi,Consumer Cyclicals,HAJJ.JK
HALO,Haloni Jane Tbk.,2023-02-08,5650014381.0,Pengembangan,Healthcare,HALO.JK
HATM,Habco Trans Maritima Tbk.,2022-07-26,7000000000.0,Utama,Transportation & Logistics,HATM.JK
HBAT,Minahasa Membangun Hebat Tbk.,2023-08-07,1040740800.0,Akselerasi,Properties & Real Estate,HBAT.JK
HDFA,Radana Bhaskara Finance Tbk.,2011-05-10,6542445783.0,Pengembangan,Financials,HDFA.JK
HDIT,Hensel Davest Indonesia Tbk.,2019-07-12,1524680000.0,Pemantauan Khusus,Technology,HDIT.JK
HDTX,Panasia Indo Resources Tbk.,1990-06-06,3601462800.0,Pemantauan Khusus,Consumer Cyclicals,HDTX.JK
HEAL,Medikaloka Hermina Tbk.,2018-05-16,15365950000.0,Utama,Healthcare,HEAL.JK
HELI,Jaya Trishindo Tbk.,2018-03-27,832862387.0,Pengembangan,Transportation & Logistics,HELI.JK
HERO,DFI Retail Nusantara Tbk,1989-08-21,4183634000.0,Pengembangan,Consumer Non-Cyclicals,HERO.JK
HEXA,Hexindo Adiperkasa Tbk.,1995-02-13,840000000.0,Utama,Industrials,HEXA.JK
HILL,Hillcon Tbk.,2023-03-01,2948300000.0,Utama,Energy,HILL.JK
HITS,Humpuss Intermoda Transportasi,1997-12-15,7101084801.0,Utama,Energy,HITS.JK
HKMU,HK Metals Utama Tbk.,2018-10-09,3221750000.0,Pemantauan Khusus,Basic Materials,HKMU.JK
HMSP,H.M. Sampoerna Tbk.,1990-08-15,116318076900.0,Pengembangan,Consumer Non-Cyclicals,HMSP.JK
HOKI,Buyung Poetra Sembada Tbk.,2017-06-22,9677752680.0,Utama,Consumer Non-Cyclicals,HOKI.JK
HOME,Hotel Mandarine Regency Tbk.,2008-07-17,22212194782.0,Pemantauan Khusus,Consumer Cyclicals,HOME.JK
HOMI,Grand House Mulia Tbk.,2020-09-10,1575000000.0,Pengembangan,Properties & Real Estate,HOMI.JK
HOPE,Harapan Duta Pertiwi Tbk.,2021-05-24,2130360203.0,Pemantauan Khusus,Industrials,HOPE.JK
HOTL,Saraswati Griya Lestari Tbk.,2013-01-10,3550001452.0,Pemantauan Khusus,Consumer Cyclicals,HOTL.JK
HRME,Menteng Heritage Realty Tbk.,2019-04-12,5958750000.0,Pemantauan Khusus,Consumer Cyclicals,HRME.JK
HRTA,Hartadinata Abadi Tbk.,2017-06-21,4605262400.0,Utama,Consumer Cyclicals,HRTA.JK
HRUM,Harum Energy Tbk.,2010-10-06,13518100000.0,Utama,Energy,HRUM.JK
HUMI,Humpuss Maritim Internasional,2023-08-09,18046497883.0,Utama,Energy,HUMI.JK
HYGN,Ecocare Indo Pasifik Tbk.,2024-02-13,2525000000.0,Pengembangan,Industrials,HYGN.JK
IATA,MNC Energy Investments Tbk.,2006-09-13,25238245486.0,Pemantauan Khusus,Energy,IATA.JK
IBFN,Intan Baru Prana Tbk.,2014-12-22,1517332349.0,Pemantauan Khusus,Industrials,IBFN.JK
IBOS,Indo Boga Sukses Tbk.,2022-04-25,8065789529.0,Akselerasi,Consumer Non-Cyclicals,IBOS.JK
IBST,Inti Bangun Sejahtera Tbk.,2012-08-31,1350904927.0,Pemantauan Khusus,Infrastructure,IBST.JK
ICBP,Indofood CBP Sukses Makmur Tbk,2010-10-07,11661908000.0,Utama,Consumer Non-Cyclicals,ICBP.JK
ICON,Island Conces Indonesia Tbk.,2005-07-08,1089750000.0,Pemantauan Khusus,Industrials,ICON.JK
IDEA,Idea Indonesia Akademi Tbk.,2021-09-09,1062437500.0,Akselerasi,Consumer Cyclicals,IDEA.JK
IDPR,Indonesia Pondasi Raya Tbk.,2015-12-10,2003000000.0,Pengembangan,Infrastructure,IDPR.JK
IFII,Indonesia Fibreboard Industry,2019-12-10,9412000000.0,Pengembangan,Basic Materials,IFII.JK
IFSH,Ifishdeco Tbk.,2019-12-05,2125000000.0,Pengembangan,Basic Materials,IFSH.JK
IGAR,Champion Pacific Indonesia Tbk,1990-11-05,972204500.0,Pengembangan,Basic Materials,IGAR.JK
IIKP,Inti Agri Resources Tbk,2002-10-14,33600000000.0,Pemantauan Khusus,Consumer Cyclicals,IIKP.JK
IKAI,Intikeramik Alamasri Industri,1997-06-04,13305799387.0,Pemantauan Khusus,Industrials,IKAI.JK
IKAN,Era Mandiri Cemerlang Tbk.,2020-02-12,833333000.0,Pemantauan Khusus,Consumer Non-Cyclicals,IKAN.JK
IKBI,Sumi Indo Kabel Tbk.,1991-01-21,1224000000.0,Pengembangan,Industrials,IKBI.JK
IKPM,Ikapharmindo Putramas Tbk.,2023-11-08,1684662500.0,Pengembangan,Healthcare,IKPM.JK
IMAS,Indomobil Sukses Internasional,1993-11-15,3994291039.0,Utama,Consumer Cyclicals,IMAS.JK
IMJS,Indomobil Multi Jasa Tbk.,2013-12-10,8654325000.0,Pengembangan,Transportation & Logistics,IMJS.JK
IMPC,Impack Pratama Industri Tbk.,2014-12-17,54268500000.0,Utama,Industrials,IMPC.JK
INAF,Indofarma Tbk.,2001-04-17,3099267500.0,Pemantauan Khusus,Healthcare,INAF.JK
INAI,Indal Aluminium Industry Tbk.,1994-12-05,633600000.0,Pengembangan,Basic Materials,INAI.JK
INCF,Indo Komoditi Korpora Tbk.,2016-09-06,1438370465.0,Pemantauan Khusus,Basic Materials,INCF.JK
INCI,Intanwijaya Internasional Tbk,1990-07-24,207656617.0,Pengembangan,Basic Materials,INCI.JK
INCO,Vale Indonesia Tbk.,1990-05-16,10539784534.0,Utama,Basic Materials,INCO.JK
INDF,Indofood Sukses Makmur Tbk.,1994-07-14,8780426500.0,Utama,Consumer Non-Cyclicals,INDF.JK
INDO,Royalindo Investa Wijaya Tbk.,2020-01-13,4382904690.0,Pengembangan,Properties & Real Estate,INDO.JK
INDR,Indo-Rama Synthetics Tbk.,1990-08-03,654351707.0,Pengembangan,Consumer Cyclicals,INDR.JK
INDS,Indospring Tbk.,1990-08-10,6562497100.0,Pengembangan,Consumer Cyclicals,INDS.JK
INDX,Tanah Laut Tbk,2001-05-17,437913588.0,Pengembangan,Industrials,INDX.JK
INDY,Indika Energy Tbk.,2008-06-11,5210192000.0,Utama,Energy,INDY.JK
INET,Sinergi Inti Andalan Prima Tbk,2023-07-24,7500065093.0,Pengembangan,Infrastructure,INET.JK
INKP,Indah Kiat Pulp & Paper Tbk.,1990-07-16,5470982941.0,Utama,Basic Materials,INKP.JK
INOV,Inocycle Technology Group Tbk.,2019-07-10,1808221900.0,Pengembangan,Consumer Cyclicals,INOV.JK
INPC,Bank Artha Graha Internasional,1990-08-23,20021178779.0,Utama,Financials,INPC.JK
INPP,Indonesian Paradise Property T,2004-01-12,11181971732.0,Pengembangan,Properties & Real Estate,INPP.JK
INPS,Indah Prakasa Sentosa Tbk.,2018-04-06,650000000.0,Pengembangan,Energy,INPS.JK
INRU,Toba Pulp Lestari Tbk.,1990-06-18,1388883283.0,Pengembangan,Basic Materials,INRU.JK
INTA,Intraco Penta Tbk.,1993-08-23,3343935022.0,Pemantauan Khusus,Industrials,INTA.JK
INTD,Inter Delta Tbk,1989-12-18,591828000.0,Pengembangan,Basic Materials,INTD.JK
INTP,Indocement Tunggal Prakarsa Tb,1989-12-05,3681231699.0,Utama,Basic Materials,INTP.JK
IOTF,Sumber Sinergi Makmur Tbk.,2023-10-06,5290298067.0,Pengembangan,Technology,IOTF.JK
IPAC,Era Graharealty Tbk.,2021-06-30,949868500.0,Akselerasi,Properties & Real Estate,IPAC.JK
IPCC,Indonesia Kendaraan Terminal T,2018-07-09,1818384820.0,Utama,Infrastructure,IPCC.JK
IPCM,Jasa Armada Indonesia Tbk.,2017-12-22,5284811100.0,Pengembangan,Infrastructure,IPCM.JK
IPOL,Indopoly Swakarsa Industry Tbk,2010-07-09,6443379509.0,Pengembangan,Basic Materials,IPOL.JK
IPPE,Indo Pureco Pratama Tbk.,2021-12-09,4600000000.0,Pemantauan Khusus,Consumer Non-Cyclicals,IPPE.JK
IRRA,Itama Ranoraya Tbk.,2019-10-15,1600000000.0,Pengembangan,Healthcare,IRRA.JK
IRSX,Folago Global Nusantara Tbk,2023-02-07,5000351992.0,Pemantauan Khusus,Technology,IRSX.JK
PTIS,Indo Straits Tbk.,2011-07-12,550165300.0,Pengembangan,Energy,PTIS.JK
ISAP,Isra Presisi Indonesia Tbk.,2022-12-09,4020080927.0,Akselerasi,Consumer Cyclicals,ISAP.JK
ISAT,Indosat Tbk.,1994-10-19,32250810957.0,Utama,Infrastructure,ISAT.JK
ISEA,Indo American Seafoods Tbk.,2024-07-08,1390000000.0,Pengembangan,Consumer Non-Cyclicals,ISEA.JK
ISSP,Steel Pipe Industry of Indones,2013-02-22,7185992035.0,Utama,Basic Materials,ISSP.JK
ITIC,Indonesian Tobacco Tbk.,2019-07-04,940720000.0,Pengembangan,Consumer Non-Cyclicals,ITIC.JK
ITMA,Sumber Energi Andalan Tbk.,1990-12-10,999053167.0,Pengembangan,Energy,ITMA.JK
ITMG,Indo Tambangraya Megah Tbk.,2007-12-18,1129925000.0,Utama,Energy,ITMG.JK
IPTV,MNC Vision Networks Tbk.,2019-07-08,42197950841.0,Pemantauan Khusus,Consumer Cyclicals,IPTV.JK
JARR,Jhonlin Agro Raya Tbk.,2022-08-04,9230665050.0,Utama,Consumer Non-Cyclicals,JARR.JK
JAST,Jasnita Telekomindo Tbk.,2019-05-16,1082575738.0,Pemantauan Khusus,Infrastructure,JAST.JK
JATI,Informasi Teknologi Indonesia,2023-05-08,3262520106.0,Pengembangan,Technology,JATI.JK
JAWA,Jaya Agra Wattie Tbk.,2011-05-30,16232951842.0,Pengembangan,Consumer Non-Cyclicals,JAWA.JK
JAYA,Armada Berjaya Trans Tbk.,2019-02-21,798499394.0,Pengembangan,Transportation & Logistics,JAYA.JK
JECC,Jembo Cable Company Tbk.,1992-11-18,756000000.0,Pengembangan,Industrials,JECC.JK
JGLE,Graha Andrasentra Propertindo,2016-06-29,22581909405.0,Pemantauan Khusus,Consumer Cyclicals,JGLE.JK
JIHD,Jakarta International Hotels &,1984-02-29,2329040482.0,Pemantauan Khusus,Consumer Cyclicals,JIHD.JK
JKON,Jaya Konstruksi Manggala Prata,2007-12-04,16308519860.0,Utama,Infrastructure,JKON.JK
JKSW,Jakarta Kyoei Steel Works Tbk.,1997-08-06,150000000.0,Pemantauan Khusus,Basic Materials,JKSW.JK
JMAS,Asuransi Jiwa Syariah Jasa Mit,2017-12-18,1000000000.0,Pengembangan,Financials,JMAS.JK
JPFA,Japfa Comfeed Indonesia Tbk.,1989-10-23,11726575201.0,Utama,Consumer Non-Cyclicals,JPFA.JK
JRPT,Jaya Real Property Tbk.,1994-06-29,13750000000.0,Pengembangan,Properties & Real Estate,JRPT.JK
JSPT,Jakarta Setiabudi Internasiona,1998-01-12,2318736000.0,Pengembangan,Consumer Cyclicals,JSPT.JK
JSKY,Sky Energy Indonesia Tbk.,2018-03-28,2032540000.0,Pemantauan Khusus,Energy,JSKY.JK
JSMR,Jasa Marga (Persero) Tbk.,2007-11-12,7257871200.0,Utama,Infrastructure,JSMR.JK
JTPE,Jasuindo Tiga Perkasa Tbk.,2002-04-16,6852050000.0,Utama,Industrials,JTPE.JK
KAEF,Kimia Farma Tbk.,2001-07-04,5566584590.0,Pengembangan,Healthcare,KAEF.JK
KARW,Meratus Jasa Prima Tbk.,1994-12-20,587152700.0,Pemantauan Khusus,Infrastructure,KARW.JK
KAYU,Darmi Bersaudara Tbk.,2019-07-04,665000000.0,Pemantauan Khusus,Basic Materials,KAYU.JK
KBAG,Karya Bersama Anugerah Tbk.,2020-04-08,7150002603.0,Pemantauan Khusus,Properties & Real Estate,KBAG.JK
KBLI,KMI Wire & Cable Tbk.,1992-07-06,4007235107.0,Utama,Industrials,KBLI.JK
KBLM,Kabelindo Murni Tbk.,1992-06-01,1120000000.0,Pengembangan,Industrials,KBLM.JK
KBLV,First Media Tbk.,2000-02-25,1742167907.0,Pemantauan Khusus,Infrastructure,KBLV.JK
KBRI,Kertas Basuki Rachmat Indonesi,2008-07-11,8687995734.0,Pemantauan Khusus,Basic Materials,KBRI.JK
KDSI,Kedawung Setia Industrial Tbk.,1996-07-29,1620000000.0,Pengembangan,Basic Materials,KDSI.JK
KDTN,Puri Sentul Permai Tbk.,2022-11-09,1250023298.0,Pengembangan,Consumer Cyclicals,KDTN.JK
KEEN,Kencana Energi Lestari Tbk.,2019-09-02,3666312500.0,Utama,Infrastructure,KEEN.JK
KEJU,Mulia Boga Raya Tbk.,2019-11-25,1500000000.0,Pengembangan,Consumer Non-Cyclicals,KEJU.JK
KETR,Ketrosden Triasmitra Tbk.,2021-01-11,2841262838.0,Pengembangan,Infrastructure,KETR.JK
KIAS,Keramika Indonesia Assosiasi T,1994-12-08,14929100000.0,Pemantauan Khusus,Industrials,KIAS.JK
KICI,Kedaung Indah Can Tbk,1993-10-28,276000000.0,Pengembangan,Consumer Cyclicals,KICI.JK
KIJA,Kawasan Industri Jababeka Tbk.,1995-01-10,20824888369.0,Utama,Properties & Real Estate,KIJA.JK
KING,Hoffmen Cleanindo Tbk.,2023-02-16,2600207425.0,Akselerasi,Industrials,KING.JK
KINO,Kino Indonesia Tbk.,2015-12-11,1428571500.0,Pengembangan,Consumer Non-Cyclicals,KINO.JK
KIOS,Kioson Komersial Indonesia Tbk,2017-10-05,1075862960.0,Pengembangan,Technology,KIOS.JK
KJEN,Krida Jaringan Nusantara Tbk.,2019-07-01,500000000.0,Pengembangan,Transportation & Logistics,KJEN.JK
KKES,Kusuma Kemindo Sentosa Tbk.,2022-08-08,1500000000.0,Pemantauan Khusus,Basic Materials,KKES.JK
KKGI,Resource Alam Indonesia Tbk.,1991-07-01,5000000000.0,Utama,Energy,KKGI.JK
KLAS,Pelayaran Kurnia Lautan Semest,2023-06-12,3644415975.0,Pengembangan,Transportation & Logistics,KLAS.JK
KLBF,Kalbe Farma Tbk.,1991-07-30,46875122110.0,Utama,Healthcare,KLBF.JK
KLIN,Klinko Karya Imaji Tbk.,2022-08-09,1307530330.0,Pemantauan Khusus,Consumer Cyclicals,KLIN.JK
KMDS,Kurniamitra Duta Sentosa Tbk.,2020-09-07,800000000.0,Pengembangan,Consumer Non-Cyclicals,KMDS.JK
KMTR,Kirana Megatara Tbk.,2017-06-19,8215366379.0,Pengembangan,Basic Materials,KMTR.JK
KOBX,Kobexindo Tractors Tbk.,2012-07-05,2272500000.0,Pengembangan,Industrials,KOBX.JK
KOCI,Kokoh Exa Nusantara Tbk.,2023-10-07,4415591800.0,Pengembangan,Properties & Real Estate,KOCI.JK
KOIN,Kokoh Inti Arebama Tbk,2008-04-09,980843732.0,Pemantauan Khusus,Industrials,KOIN.JK
KOKA,Koka Indonesia Tbk.,2023-10-11,2861333000.0,Pengembangan,Infrastructure,KOKA.JK
KONI,Perdana Bangun Pusaka Tbk,1995-08-22,312000000.0,Pemantauan Khusus,Industrials,KONI.JK
KOPI,Mitra Energi Persada Tbk.,2015-05-04,697266668.0,Pengembangan,Energy,KOPI.JK
KOTA,DMS Propertindo Tbk.,2019-07-09,10546185701.0,Pemantauan Khusus,Consumer Cyclicals,KOTA.JK
KPAL,Steadfast Marine Tbk.,2018-06-08,1069009400.0,Pemantauan Khusus,Industrials,KPAL.JK
KPAS,Cottonindo Ariesta Tbk.,2018-10-05,768043253.0,Pemantauan Khusus,Consumer Non-Cyclicals,KPAS.JK
KPIG,MNC Land Tbk.,2000-03-30,97557129263.0,Pengembangan,Consumer Cyclicals,KPIG.JK
KRAH,Grand Kartech Tbk.,2013-11-08,971190000.0,Pemantauan Khusus,Industrials,KRAH.JK
KRAS,Krakatau Steel (Persero) Tbk.,2010-11-10,19346396900.0,Pengembangan,Basic Materials,KRAS.JK
KREN,Quantum Clovera Investama Tbk.,2002-06-28,18208470100.0,Pemantauan Khusus,Technology,KREN.JK
KRYA,Bangun Karya Perkasa Jaya Tbk.,2022-07-25,1663943474.0,Pengembangan,Infrastructure,KRYA.JK
KUAS,Ace Oldfields Tbk.,2021-10-25,1292808150.0,Pengembangan,Industrials,KUAS.JK
LABA,Green Power Group Tbk.,2021-06-10,1103402553.0,Pengembangan,Industrials,LABA.JK
LABS,UBC Medical Indonesia Tbk.,2024-07-10,3950000000.0,Pengembangan,Healthcare,LABS.JK
LAJU,Jasa Berdikari Logistics Tbk.,2023-01-27,2149942974.0,Pengembangan,Transportation & Logistics,LAJU.JK
LAND,Trimitra Propertindo Tbk.,2018-08-23,2792620000.0,Pemantauan Khusus,Properties & Real Estate,LAND.JK
LAPD,Leyand International Tbk.,2001-07-17,3966350139.0,Pemantauan Khusus,Consumer Non-Cyclicals,LAPD.JK
LCGP,Eureka Prima Jakarta Tbk.,2007-07-13,5630000914.0,Pemantauan Khusus,Properties & Real Estate,LCGP.JK
LCKM,LCK Global Kedaton Tbk.,2018-01-16,1000000000.0,Pengembangan,Infrastructure,LCKM.JK
LEAD,Logindo Samudramakmur Tbk.,2013-12-11,5799616328.0,Pengembangan,Energy,LEAD.JK
LFLO,Imago Mulia Persada Tbk.,2021-04-07,1307734937.0,Akselerasi,Consumer Cyclicals,LFLO.JK
LIFE,MSIG Life Insurance Indonesia,2019-07-09,2100000000.0,Pengembangan,Financials,LIFE.JK
LINK,Link Net Tbk.,2014-06-02,2863195484.0,Pengembangan,Infrastructure,LINK.JK
LION,Lion Metal Works Tbk.,1993-08-20,520160000.0,Pemantauan Khusus,Industrials,LION.JK
LIVE,Homeco Victoria Makmur Tbk.,2024-02-12,4593005014.0,Pengembangan,Consumer Cyclicals,LIVE.JK
LMAS,Limas Indonesia Makmur Tbk,2001-12-28,787851525.0,Pemantauan Khusus,Technology,LMAS.JK
LMAX,Lupromax Pelumas Indonesia Tbk,2023-08-09,650008775.0,Akselerasi,Consumer Cyclicals,LMAX.JK
LMPI,Langgeng Makmur Industri Tbk.,1994-10-17,1008517669.0,Pengembangan,Consumer Cyclicals,LMPI.JK
LMSH,Lionmesh Prima Tbk.,1990-06-04,96000000.0,Pemantauan Khusus,Basic Materials,LMSH.JK
LOPI,Logisticsplus International Tb,2023-10-11,1100011289.0,Akselerasi,Transportation & Logistics,LOPI.JK
LPCK,Lippo Cikarang Tbk,1997-07-24,2679600000.0,Utama,Properties & Real Estate,LPCK.JK
LPGI,Lippo General Insurance Tbk.,1997-07-22,3000000000.0,Pemantauan Khusus,Financials,LPGI.JK
LPIN,Multi Prima Sejahtera Tbk,1990-02-05,425000000.0,Pengembangan,Consumer Cyclicals,LPIN.JK
LPKR,Lippo Karawaci Tbk.,1996-06-28,70898018369.0,Utama,Properties & Real Estate,LPKR.JK
LPLI,Star Pacific Tbk,1989-10-23,1170432803.0,Pengembangan,Properties & Real Estate,LPLI.JK
LPPF,MDS Retailing Tbk,1989-10-09,2259292880.0,Utama,Consumer Cyclicals,LPPF.JK
LPPS,Lenox Pasifik Investama Tbk.,1994-03-28,2588250000.0,Pengembangan,Financials,LPPS.JK
LRNA,Eka Sari Lorena Transport Tbk.,2014-04-15,350000022.0,Pengembangan,Transportation & Logistics,LRNA.JK
LSIP,PP London Sumatra Indonesia Tb,1996-07-05,6819963965.0,Utama,Consumer Non-Cyclicals,LSIP.JK
LTLS,Lautan Luas Tbk.,1997-07-21,1560000000.0,Utama,Basic Materials,LTLS.JK
LUCK,Sentral Mitra Informatika Tbk.,2018-11-28,715749640.0,Pengembangan,Technology,LUCK.JK
LUCY,Lima Dua Lima Tiga Tbk.,2021-05-05,1514773893.0,Akselerasi,Consumer Cyclicals,LUCY.JK
MABA,Marga Abhinaya Abadi Tbk.,2017-06-22,15365229912.0,Pemantauan Khusus,Consumer Cyclicals,MABA.JK
MAGP,Multi Agro Gemilang Plantation,2013-01-16,9000000004.0,Pemantauan Khusus,Consumer Non-Cyclicals,MAGP.JK
MAHA,Mandiri Herindo Adiperkasa Tbk,2023-07-25,16666000000.0,Utama,Energy,MAHA.JK
MAIN,Malindo Feedmill Tbk.,2006-02-10,2238750000.0,Utama,Consumer Non-Cyclicals,MAIN.JK
MAMI,Mas Murni Indonesia Tbk,1994-02-09,12299317590.0,Pemantauan Khusus,Consumer Cyclicals,MAMI.JK
MANG,Manggung Polahraya Tbk.,2024-01-11,3812500000.0,Akselerasi,Infrastructure,MANG.JK
MAPA,Map Aktif Adiperkasa Tbk.,2018-07-05,28504000000.0,Utama,Consumer Cyclicals,MAPA.JK
MAPB,MAP Boga Adiperkasa Tbk.,2017-06-21,2387922900.0,Pemantauan Khusus,Consumer Cyclicals,MAPB.JK
MAPI,Mitra Adiperkasa Tbk.,2004-11-10,16600000000.0,Utama,Consumer Cyclicals,MAPI.JK
MARI,Mahaka Radio Integra Tbk.,2016-02-11,5252644000.0,Pengembangan,Consumer Cyclicals,MARI.JK
MARK,Mark Dynamics Indonesia Tbk.,2017-07-12,3800000310.0,Utama,Industrials,MARK.JK
MASA,Multistrada Arah Sarana Tbk.,2005-06-09,9182946945.0,Utama,Consumer Cyclicals,MASA.JK
MASB,Bank Multiarta Sentosa Tbk.,2021-06-30,1387737233.0,Pengembangan,Financials,MASB.JK
MAXI,Maxindo Karya Anugerah Tbk.,2023-06-12,9610063102.0,Pengembangan,Consumer Non-Cyclicals,MAXI.JK
MAYA,Bank Mayapada Internasional Tb,1997-08-29,25906179152.0,Utama,Financials,MAYA.JK
MBAP,Mitrabara Adiperdana Tbk.,2014-07-10,1227271952.0,Pengembangan,Energy,MBAP.JK
MBMA,Merdeka Battery Materials Tbk.,2023-04-18,107995419900.0,Pengembangan,Basic Materials,MBMA.JK
MBSS,Mitrabahtera Segara Sejati Tbk,2011-04-06,1750026639.0,Utama,Energy,MBSS.JK
MBTO,Martina Berto Tbk.,2011-01-13,1070000000.0,Pengembangan,Consumer Non-Cyclicals,MBTO.JK
MCAS,M Cash Integrasi Tbk.,2017-11-01,867933300.0,Utama,Technology,MCAS.JK
MCOL,Prima Andalan Mandiri Tbk.,2021-09-07,3555560000.0,Utama,Energy,MCOL.JK
MCOR,Bank China Construction Bank I,2007-07-03,37540533209.0,Utama,Financials,MCOR.JK
MDIA,Intermedia Capital Tbk.,2014-04-11,39215538400.0,Pemantauan Khusus,Consumer Cyclicals,MDIA.JK
MDKA,Merdeka Copper Gold Tbk.,2015-06-19,24472983771.0,Utama,Basic Materials,MDKA.JK
MDKI,Emdeki Utama Tbk.,2017-09-25,2530150002.0,Pengembangan,Basic Materials,MDKI.JK
MDLN,Modernland Realty Tbk.,1993-01-18,12533067322.0,Utama,Properties & Real Estate,MDLN.JK
MDRN,Modern Internasional Tbk.,1991-07-16,7632167798.0,Pemantauan Khusus,Industrials,MDRN.JK
MEDC,Medco Energi Internasional Tbk,1994-10-12,25136231252.0,Utama,Energy,MEDC.JK
MEDS,Hetzer Medical Indonesia Tbk.,2022-08-10,1562500000.0,Pengembangan,Healthcare,MEDS.JK
MEGA,Bank Mega Tbk.,2000-04-17,11623514905.0,Utama,Financials,MEGA.JK
MEJA,Harta Djaya Karya Tbk.,2024-02-12,1917500000.0,Akselerasi,Consumer Cyclicals,MEJA.JK
MENN,Menn Teknologi Indonesia Tbk.,2023-04-18,1434052006.0,Akselerasi,Technology,MENN.JK
MERK,Merck Tbk.,1981-07-23,448000000.0,Pengembangan,Healthcare,MERK.JK
META,Nusantara Infrastructure Tbk.,2001-07-18,17710708194.0,Pemantauan Khusus,Infrastructure,META.JK
MFIN,Mandala Multifinance Tbk.,2005-09-06,2650000000.0,Utama,Financials,MFIN.JK
MFMI,Multifiling Mitra Indonesia Tb,2010-12-29,757581000.0,Pemantauan Khusus,Industrials,MFMI.JK
MGLV,Panca Anugrah Wisesa Tbk.,2021-06-08,1904883411.0,Akselerasi,Consumer Cyclicals,MGLV.JK
MGNA,Magna Investama Mandiri Tbk.,2014-07-08,3410477164.0,Pemantauan Khusus,Consumer Cyclicals,MGNA.JK
MGRO,Mahkota Group Tbk.,2018-07-12,3554445700.0,Pengembangan,Consumer Non-Cyclicals,MGRO.JK
MHKI,Multi Hanna Kreasindo Tbk.,2024-04-16,3750000000.0,Pengembangan,Industrials,MHKI.JK
MICE,Multi Indocitra Tbk.,2005-12-21,600000000.0,Pengembangan,Consumer Cyclicals,MICE.JK
MIDI,Midi Utama Indonesia Tbk.,2010-11-30,33435294800.0,Utama,Consumer Non-Cyclicals,MIDI.JK
MIKA,Mitra Keluarga Karyasehat Tbk.,2015-03-24,13907481500.0,Utama,Healthcare,MIKA.JK
MINA,Sanurhasta Mitra Tbk.,2017-04-28,6562500000.0,Pemantauan Khusus,Consumer Cyclicals,MINA.JK
MIRA,Mitra International Resources,1997-01-30,3961452039.0,Pemantauan Khusus,Transportation & Logistics,MIRA.JK
MITI,Mitra Investindo Tbk.,1997-07-16,3540735503.0,Pengembangan,Transportation & Logistics,MITI.JK
MKAP,Multikarya Asia Pasifik Raya T,2024-02-12,3250000000.0,Pengembangan,Energy,MKAP.JK
MKNT,Mitra Komunikasi Nusantara Tbk,2015-10-26,5500000000.0,Pemantauan Khusus,Consumer Cyclicals,MKNT.JK
MKPI,Metropolitan Kentjana Tbk.,2009-07-10,948194000.0,Pengembangan,Properties & Real Estate,MKPI.JK
MKTR,Menthobi Karyatama Raya Tbk.,2022-11-08,12052390422.0,Utama,Consumer Non-Cyclicals,MKTR.JK
MLPT,Multipolar Technology Tbk.,2013-07-08,1875000000.0,Pengembangan,Technology,MLPT.JK
MLBI,Multi Bintang Indonesia Tbk.,1981-12-15,2107000000.0,Utama,Consumer Non-Cyclicals,MLBI.JK
MLIA,Mulia Industrindo Tbk,1994-01-17,6615000000.0,Utama,Industrials,MLIA.JK
MLPL,Multipolar Tbk.,1989-11-06,15682323987.0,Utama,Consumer Non-Cyclicals,MLPL.JK
MMIX,Multi Medika Internasional Tbk,2022-12-06,2400206168.0,Pengembangan,Healthcare,MMIX.JK
MMLP,Mega Manunggal Property Tbk.,2015-06-12,6889134608.0,Utama,Properties & Real Estate,MMLP.JK
MNCN,Media Nusantara Citra Tbk.,2007-06-22,15049787710.0,Utama,Consumer Cyclicals,MNCN.JK
MOLI,Madusari Murni Indah Tbk.,2018-08-30,2724036581.0,Pengembangan,Basic Materials,MOLI.JK
MORA,Ekamas Mora Republik Tbk,2022-08-08,23646668691.0,Utama,Infrastructure,MORA.JK
PTMP,Mitra Pack Tbk.,2023-03-06,3169200000.0,Pengembangan,Industrials,PTMP.JK
MPIX,Mitra Pedagang Indonesia Tbk.,2024-02-07,1562500000.0,Pengembangan,Technology,MPIX.JK
MPMX,Mitra Pinasthika Mustika Tbk.,2013-05-29,4462963276.0,Utama,Consumer Cyclicals,MPMX.JK
MPOW,Megapower Makmur Tbk.,2017-07-05,816997053.0,Pengembangan,Infrastructure,MPOW.JK
MPPA,Matahari Putra Prima Tbk.,1992-12-21,12966640084.0,Utama,Consumer Non-Cyclicals,MPPA.JK
MPRO,Maha Properti Indonesia Tbk.,2018-10-09,9942500000.0,Pengembangan,Properties & Real Estate,MPRO.JK
MPXL,MPX Logistics International Tb,2023-05-09,2000014587.0,Pengembangan,Transportation & Logistics,MPXL.JK
PTMR,Master Print Tbk.,2024-10-08,1907000000.0,Pengembangan,Basic Materials,PTMR.JK
MRAT,Mustika Ratu Tbk.,1995-07-27,428000000.0,Pengembangan,Consumer Non-Cyclicals,MRAT.JK
MREI,Maskapai Reasuransi Indonesia,1989-09-04,517791681.0,Pengembangan,Financials,MREI.JK
MSIE,Multisarana Intan Eduka Tbk.,2023-08-10,1460007754.0,Akselerasi,Properties & Real Estate,MSIE.JK
MSIN,MNC Digital Entertainment Tbk.,2018-06-08,60676178205.0,Utama,Consumer Cyclicals,MSIN.JK
MSJA,Multi Spunindo Jaya Tbk.,2024-01-10,5882352900.0,Utama,Consumer Non-Cyclicals,MSJA.JK
MSKY,MNC Sky Vision Tbk.,2012-07-09,1994370480.0,Pengembangan,Consumer Cyclicals,MSKY.JK
MSTI,Mastersystem Infotama Tbk.,2023-11-08,3138878900.0,Utama,Technology,MSTI.JK
MTDL,Metrodata Electronics Tbk.,1990-04-09,12276884585.0,Utama,Technology,MTDL.JK
MTEL,Dayamitra Telekomunikasi Tbk.,2021-11-22,83555225944.0,Utama,Infrastructure,MTEL.JK
MTFN,Capitalinc Investment Tbk.,1990-04-16,31842082852.0,Pemantauan Khusus,Energy,MTFN.JK
MTLA,Metropolitan Land Tbk.,2011-06-20,7655126330.0,Utama,Properties & Real Estate,MTLA.JK
MTMH,Murni Sadar Tbk.,2022-04-20,2068526950.0,Utama,Healthcare,MTMH.JK
MTPS,Meta Epsi Tbk.,2019-04-10,2084850829.0,Pemantauan Khusus,Infrastructure,MTPS.JK
MTRA,Mitra Pemuda Tbk.,2016-02-10,770000000.0,Pemantauan Khusus,Infrastructure,MTRA.JK
MTSM,Metro Realty Tbk.,1992-01-08,232848000.0,Pemantauan Khusus,Properties & Real Estate,MTSM.JK
MTWI,Malacca Trust Wuwungan Insuran,2017-10-12,2924486639.0,Pengembangan,Financials,MTWI.JK
MUTU,Mutuagung Lestari Tbk.,2023-08-09,3142881188.0,Pengembangan,Industrials,MUTU.JK
MYOH,Samindo Resources Tbk.,2000-07-27,2206312500.0,Utama,Energy,MYOH.JK
MYOR,Mayora Indah Tbk.,1990-07-04,22358699725.0,Utama,Consumer Non-Cyclicals,MYOR.JK
MYRX,Hanson International Tbk.,1990-10-31,86703220792.0,Pemantauan Khusus,Properties & Real Estate,MYRX.JK
MYTX,Asia Pacific Investama Tbk.,1989-10-10,7747281949.0,Pemantauan Khusus,Consumer Cyclicals,MYTX.JK
NAIK,Adiwarna Anugerah Abadi Tbk.,2024-11-13,3250000000.0,Pengembangan,Industrials,NAIK.JK
NANO,Nanotech Indonesia Global Tbk.,2022-03-10,4285228063.0,Akselerasi,Consumer Non-Cyclicals,NANO.JK
NASA,Andalan Perkasa Abadi Tbk.,2017-08-07,11004929322.0,Pemantauan Khusus,Properties & Real Estate,NASA.JK
NASI,Wahana Inti Makmur Tbk.,2021-12-13,807400000.0,Pengembangan,Consumer Non-Cyclicals,NASI.JK
NATO,Olympus Strategic Indonesia Tbk,2019-01-18,8001111504.0,Pengembangan,Consumer Cyclicals,NATO.JK
NAYZ,Hassana Boga Sejahtera Tbk.,2023-02-06,2550011472.0,Akselerasi,Consumer Non-Cyclicals,NAYZ.JK
NCKL,Trimegah Bangun Persada Tbk.,2023-04-12,63098600000.0,Utama,Basic Materials,NCKL.JK
NELY,Pelayaran Nelly Dwi Putri Tbk.,2012-10-11,2350000000.0,Pengembangan,Transportation & Logistics,NELY.JK
NEST,Esta Indonesia Tbk.,2024-08-08,4112500000.0,Pengembangan,Consumer Non-Cyclicals,NEST.JK
NETV,MDTV Media Technologies Tbk,2022-01-26,41360517722.0,Pemantauan Khusus,Consumer Cyclicals,NETV.JK
NFCX,NFC Indonesia Tbk.,2018-07-12,666667500.0,Pengembangan,Technology,NFCX.JK
NICE,Adhi Kartiko Pratama Tbk.,2024-01-09,6082020000.0,Pengembangan,Basic Materials,NICE.JK
NICK,Charnic Capital Tbk.,2018-05-02,651150000.0,Pengembangan,Financials,NICK.JK
NICL,PAM Mineral Tbk.,2021-07-09,10635644907.0,Pengembangan,Basic Materials,NICL.JK
NIKL,Pelat Timah Nusantara Tbk.,2009-12-14,2523350000.0,Pengembangan,Basic Materials,NIKL.JK
NINE,Techno9 Indonesia Tbk.,2022-12-05,2157000000.0,Akselerasi,Technology,NINE.JK
NIPS,Nipress Tbk.,1991-07-24,1635333332.0,Pemantauan Khusus,Consumer Cyclicals,NIPS.JK
NIRO,City Retail Developments Tbk.,2012-09-13,22198871804.0,Pengembangan,Properties & Real Estate,NIRO.JK
NISP,Bank OCBC NISP Tbk.,1994-10-20,22715776032.0,Utama,Financials,NISP.JK
NOBU,Bank Nationalnobu Tbk.,2013-05-20,7403659460.0,Pengembangan,Financials,NOBU.JK
NPGF,Nusa Palapa Gemilang Tbk.,2021-04-14,3240235840.0,Pemantauan Khusus,Basic Materials,NPGF.JK
NRCA,Nusa Raya Cia Tbk.,2013-06-27,2496258344.0,Pengembangan,Infrastructure,NRCA.JK
NSSS,Nusantara Sawit Sejahtera Tbk.,2023-03-10,23801568645.0,Pengembangan,Consumer Non-Cyclicals,NSSS.JK
NTBK,Nusatama Berkah Tbk.,2022-02-09,2700064877.0,Pengembangan,Industrials,NTBK.JK
NUSA,Sinergi Megah Internusa Tbk.,2018-07-12,7700000148.0,Pemantauan Khusus,Consumer Cyclicals,NUSA.JK
NZIA,Nusantara Almazia Tbk.,2019-09-25,2197540705.0,Pengembangan,Properties & Real Estate,NZIA.JK
OASA,Maharaksa Biru Energi Tbk.,2016-07-18,6347220000.0,Pengembangan,Infrastructure,OASA.JK
OBMD,OBM Drilchem Tbk.,2021-12-08,805992931.0,Pengembangan,Basic Materials,OBMD.JK
OCAP,Onix Capital Tbk.,2003-10-10,273200000.0,Pemantauan Khusus,Financials,OCAP.JK
OILS,Indo Oil Perkasa Tbk.,2021-09-06,454056563.0,Pengembangan,Consumer Non-Cyclicals,OILS.JK
OKAS,Ancora Indonesia Resources Tbk,2006-03-29,2373449165.0,Pengembangan,Basic Materials,OKAS.JK
OLIV,Oscar Mitra Sukses Sejahtera T,2022-05-17,1900073314.0,Akselerasi,Consumer Cyclicals,OLIV.JK
OMED,Jayamas Medica Industri Tbk.,2022-11-08,27058850000.0,Utama,Healthcare,OMED.JK
OMRE,Indonesia Prima Property Tbk,1994-08-22,2945211000.0,Pemantauan Khusus,Properties & Real Estate,OMRE.JK
OPMS,Oima Prima Metal Sinergi Tbk,2019-09-23,1000000000.0,Pengembangan,Basic Materials,OPMS.JK
PACK,Abadi Nusantara Hijau Investama Tbk,2023-02-08,1539143058.0,Pemantauan Khusus,Basic Materials,PACK.JK
PADA,Personel Alih Daya Tbk.,2022-12-08,3150000000.0,Pemantauan Khusus,Industrials,PADA.JK
PADI,Minna Padi Investama Sekuritas,2012-01-09,11307246524.0,Pemantauan Khusus,Financials,PADI.JK
PALM,Provident Investasi Bersama Tb,2012-10-08,15773797158.0,Pengembangan,Financials,PALM.JK
PAMG,Bima Sakti Pertiwi Tbk.,2019-07-05,3125000000.0,Pengembangan,Properties & Real Estate,PAMG.JK
PANI,Pantai Indah Kapuk Dua Tbk.,2018-09-18,16883595500.0,Pengembangan,Properties & Real Estate,PANI.JK
PANR,Panorama Sentrawisata Tbk.,2001-09-18,1387500000.0,Utama,Consumer Cyclicals,PANR.JK
PANS,Panin Sekuritas Tbk.,2000-05-31,720000000.0,Utama,Financials,PANS.JK
PART,Cipta Perdana Lancar Tbk.,2024-07-05,2720000000.0,Pengembangan,Consumer Cyclicals,PART.JK
PBID,Panca Budi Idaman Tbk.,2017-12-13,7500000000.0,Utama,Basic Materials,PBID.JK
PBRX,Pan Brothers Tbk.,1990-08-16,21482028246.0,Pemantauan Khusus,Consumer Cyclicals,PBRX.JK
PBSA,Paramita Bangun Sarana Tbk.,2016-09-28,3000000000.0,Pengembangan,Infrastructure,PBSA.JK
PCAR,Prima Cakrawala Abadi Tbk.,2017-12-29,1166666700.0,Pengembangan,Consumer Non-Cyclicals,PCAR.JK
PDES,Destinasi Tirta Nusantara Tbk,2008-07-08,715000000.0,Pengembangan,Consumer Cyclicals,PDES.JK
PDPP,Primadaya Plastisindo Tbk.,2022-11-09,3061341438.0,Pengembangan,Basic Materials,PDPP.JK
PEGE,Panca Global Kapital Tbk.,2005-06-24,2833417056.0,Pengembangan,Financials,PEGE.JK
PEHA,Phapros Tbk.,2018-12-26,840000000.0,Pengembangan,Healthcare,PEHA.JK
PEVE,Penta Valent Tbk.,2023-01-24,1765625000.0,Pengembangan,Healthcare,PEVE.JK
PGAS,Perusahaan Gas Negara Tbk.,2003-12-15,24241508196.0,Utama,Energy,PGAS.JK
PGEO,Pertamina Geothermal Energy Tb,2023-02-24,41508024149.0,Utama,Infrastructure,PGEO.JK
PGJO,Bahtera Bumi Raya Tbk,2020-01-08,772459095.0,Akselerasi,Technology,PGJO.JK
PGLI,Pembangunan Graha Lestari Inda,2000-04-05,488000000.0,Pengembangan,Consumer Cyclicals,PGLI.JK
PGUN,Pradiksi Gunatama Tbk.,2020-07-07,5737848882.0,Pemantauan Khusus,Consumer Non-Cyclicals,PGUN.JK
PICO,Pelangi Indah Canindo Tbk,1996-09-23,568375000.0,Pengembangan,Basic Materials,PICO.JK
PIPA,Multi Makmur Lemindo Tbk.,2023-04-10,3425031863.0,Pemantauan Khusus,Industrials,PIPA.JK
PJAA,Pembangunan Jaya Ancol Tbk.,2004-07-02,1599999996.0,Pengembangan,Consumer Cyclicals,PJAA.JK
PKPK,Perdana Karya Perkasa Tbk,2007-07-11,1200000000.0,Pengembangan,Energy,PKPK.JK
PLAN,Planet Properindo Jaya Tbk.,2020-09-15,896709596.0,Akselerasi,Consumer Cyclicals,PLAN.JK
PLAS,Polaris Investama Tbk,2001-03-16,1184200000.0,Pemantauan Khusus,Financials,PLAS.JK
PLIN,Plaza Indonesia Realty Tbk.,1992-06-15,3550000000.0,Pemantauan Khusus,Properties & Real Estate,PLIN.JK
PMJS,Putra Mandiri Jembar Tbk.,2019-12-18,13755600000.0,Pengembangan,Consumer Cyclicals,PMJS.JK
PMMP,Panca Mitra Multiperdana Tbk.,2020-12-18,2588300000.0,Pengembangan,Consumer Non-Cyclicals,PMMP.JK
PNBN,Bank Pan Indonesia Tbk,1982-12-29,23837645998.0,Utama,Financials,PNBN.JK
PNBS,Bank Panin Dubai Syariah Tbk.,2014-01-15,38425504906.0,Pengembangan,Financials,PNBS.JK
PNGO,Pinago Utama Tbk.,2020-08-31,781250000.0,Pengembangan,Consumer Non-Cyclicals,PNGO.JK
PNIN,Paninvest Tbk.,1983-09-20,4068323920.0,Utama,Financials,PNIN.JK
PNLF,Panin Financial Tbk.,1983-06-14,32022073293.0,Utama,Financials,PNLF.JK
PNSE,Pudjiadi & Sons Tbk.,1990-05-01,797813496.0,Pengembangan,Consumer Cyclicals,PNSE.JK
POLA,Pool Advista Finance Tbk.,2018-11-16,3351075600.0,Pemantauan Khusus,Financials,POLA.JK
POLI,Pollux Hotels Group Tbk.,2019-01-10,2010526400.0,Pemantauan Khusus,Properties & Real Estate,POLI.JK
POLL,Pollux Properties Indonesia Tb,2018-07-11,8318823600.0,Pengembangan,Properties & Real Estate,POLL.JK
POLU,Golden Flower Tbk.,2019-06-26,750000000.0,Pengembangan,Consumer Cyclicals,POLU.JK
POLY,Asia Pacific Fibers Tbk,1991-03-12,2495753334.0,Pemantauan Khusus,Consumer Cyclicals,POLY.JK
POOL,Pool Advista Indonesia Tbk.,1991-05-20,2341366264.0,Pemantauan Khusus,Financials,POOL.JK
PORT,Nusantara Pelabuhan Handal Tbk,2017-03-16,2813941985.0,Pengembangan,Infrastructure,PORT.JK
POSA,Bliss Properti Indonesia Tbk.,2019-05-10,8388870206.0,Pemantauan Khusus,Properties & Real Estate,POSA.JK
POWR,Cikarang Listrindo Tbk.,2016-06-14,16087156000.0,Utama,Infrastructure,POWR.JK
PTPP,PP (Persero) Tbk.,2010-02-09,6199897354.0,Utama,Infrastructure,PTPP.JK
PPGL,Prima Globalindo Logistik Tbk.,2020-07-20,771178020.0,Akselerasi,Transportation & Logistics,PPGL.JK
PPRE,PP Presisi Tbk.,2017-11-24,10224271000.0,Pengembangan,Infrastructure,PPRE.JK
PPRI,Paperocks Indonesia Tbk.,2023-08-08,1075027288.0,Pengembangan,Basic Materials,PPRI.JK
PPRO,PP Properti Tbk.,2015-05-19,61675671883.0,Pemantauan Khusus,Properties & Real Estate,PPRO.JK
PRAS,Prima Alloy Steel Universal Tb,1990-07-12,701043478.0,Pemantauan Khusus,Consumer Cyclicals,PRAS.JK
PRAY,Famon Awal Bros Sedaya Tbk.,2022-11-08,13959422300.0,Pengembangan,Healthcare,PRAY.JK
PRDA,Prodia Widyahusada Tbk.,2016-12-07,937500000.0,Utama,Healthcare,PRDA.JK
PRIM,Royal Prima Tbk.,2018-05-15,3393434905.0,Pengembangan,Healthcare,PRIM.JK
PTPS,Pulau Subur Tbk.,2023-10-09,2167514856.0,Pengembangan,Consumer Non-Cyclicals,PTPS.JK
PSAB,J Resources Asia Pasifik Tbk.,2003-04-22,26460000000.0,Pengembangan,Basic Materials,PSAB.JK
PSDN,Prasidha Aneka Niaga Tbk,1994-10-18,1440000000.0,Pengembangan,Consumer Non-Cyclicals,PSDN.JK
PSGO,Palma Serasih Tbk.,2019-11-25,18850000000.0,Utama,Consumer Non-Cyclicals,PSGO.JK
PSKT,Red Planet Indonesia Tbk.,1995-09-19,10351231636.0,Pemantauan Khusus,Consumer Cyclicals,PSKT.JK
PSSI,IMC Pelita Logistik Tbk.,2017-12-05,5417063153.0,Utama,Energy,PSSI.JK
PUDP,Pudjiadi Prestige Tbk.,1994-11-18,659120000.0,Utama,Properties & Real Estate,PUDP.JK
PURA,Putra Rajawali Kencana Tbk.,2020-01-29,6301930902.0,Pemantauan Khusus,Transportation & Logistics,PURA.JK
PURE,Trinitan Metals and Minerals T,2019-10-09,1375181505.0,Pemantauan Khusus,Basic Materials,PURE.JK
PURI,Puri Global Sukses Tbk.,2020-09-08,1000000000.0,Pengembangan,Properties & Real Estate,PURI.JK
PTPW,Pratama Widya Tbk.,2020-02-07,878187500.0,Pengembangan,Infrastructure,PTPW.JK
PWON,Pakuwon Jati Tbk.,1989-10-09,48159602400.0,Utama,Properties & Real Estate,PWON.JK
PYFA,Pyridam Farma Tbk,2001-10-16,11236680171.0,Pengembangan,Healthcare,PYFA.JK
PZZA,Sarimelati Kencana Tbk.,2018-05-23,3021875000.0,Pengembangan,Consumer Cyclicals,PZZA.JK
RAAM,Tripar Multivision Plus Tbk.,2023-05-08,6813620000.0,Utama,Consumer Cyclicals,RAAM.JK
RAFI,Sari Kreasi Boga Tbk.,2022-08-05,3128140475.0,Pemantauan Khusus,Consumer Cyclicals,RAFI.JK
RAJA,Rukun Raharja Tbk.,2006-04-19,4227082500.0,Utama,Energy,RAJA.JK
RALS,Ramayana Lestari Sentosa Tbk.,1996-07-24,7096000000.0,Utama,Consumer Cyclicals,RALS.JK
RANC,Supra Boga Lestari Tbk.,2012-06-07,1564487500.0,Pengembangan,Consumer Non-Cyclicals,RANC.JK
RBMS,Ristia Bintang Mahkotasejati T,1997-12-19,2656212826.0,Pemantauan Khusus,Properties & Real Estate,RBMS.JK
RCCC,Utama Radar Cahaya Tbk.,2022-08-02,787500000.0,Akselerasi,Transportation & Logistics,RCCC.JK
RDTX,Roda Vivatex Tbk,1990-05-14,268800000.0,Pemantauan Khusus,Properties & Real Estate,RDTX.JK
REAL,Repower Asia Indonesia Tbk.,2019-12-06,6633610151.0,Pemantauan Khusus,Properties & Real Estate,REAL.JK
RELF,Graha Mitra Asia Tbk.,2023-06-22,5727832195.0,Akselerasi,Properties & Real Estate,RELF.JK
RELI,Reliance Sekuritas Indonesia T,2005-07-13,1800000000.0,Pengembangan,Financials,RELI.JK
RGAS,Kian Santang Muliatama Tbk.,2023-11-08,1459234110.0,Pengembangan,Energy,RGAS.JK
RICY,Ricky Putra Globalindo Tbk,1998-01-22,641717510.0,Pengembangan,Consumer Cyclicals,RICY.JK
RIGS,Rig Tenders Indonesia Tbk.,1990-03-05,609130000.0,Pengembangan,Energy,RIGS.JK
RIMO,Rimo International Lestari Tbk,2000-11-10,45080600000.0,Pemantauan Khusus,Properties & Real Estate,RIMO.JK
RISE,Jaya Sukses Makmur Sentosa Tbk,2018-07-09,10945000000.0,Pengembangan,Properties & Real Estate,RISE.JK
RMKE,RMK Energy Tbk.,2021-12-07,4375000000.0,Utama,Energy,RMKE.JK
RMKO,Royaltama Mulia Kontraktorindo,2023-07-31,1250000000.0,Pengembangan,Energy,RMKO.JK
PTRO,Petrosea Tbk.,1990-05-21,1008605000.0,Utama,Energy,PTRO.JK
ROCK,Rockfields Properti Indonesia,2020-09-10,1435185100.0,Pemantauan Khusus,Properties & Real Estate,ROCK.JK
RODA,Pikko Land Development Tbk.,2001-10-22,13592128209.0,Pemantauan Khusus,Properties & Real Estate,RODA.JK
RONY,Aesler Grup Internasional Tbk.,2020-04-09,1250000000.0,Pemantauan Khusus,Infrastructure,RONY.JK
ROTI,Nippon Indosari Corpindo Tbk.,2010-06-28,6186488888.0,Pengembangan,Consumer Non-Cyclicals,ROTI.JK
RSCH,Charlie Hospital Semarang Tbk.,2023-08-28,2650000000.0,Pengembangan,Healthcare,RSCH.JK
RSGK,Kedoya Adyaraya Tbk.,2021-09-08,929675000.0,Utama,Healthcare,RSGK.JK
RUIS,Radiant Utama Interinsco Tbk.,2006-07-12,770000000.0,Pengembangan,Energy,RUIS.JK
RUNS,Global Sukses Solusi Tbk.,2021-09-08,983557875.0,Akselerasi,Technology,RUNS.JK
SAFE,Steady Safe Tbk,1994-08-15,615145012.0,Pengembangan,Transportation & Logistics,SAFE.JK
SAGE,Saausaha Gemilangindah Tbk.,2023-03-08,8033267616.0,Pemantauan Khusus,Properties & Real Estate,SAGE.JK
SAME,Sarana Meditama Metropolitan T,2013-01-11,17147132545.0,Utama,Healthcare,SAME.JK
SAMF,Saraswanti Anugerah Makmur Tbk,2020-03-31,5125000000.0,Utama,Basic Materials,SAMF.JK
SAPX,Satria Antaran Prima Tbk.,2018-10-03,833333300.0,Pengembangan,Transportation & Logistics,SAPX.JK
SATU,Kota Satu Properti Tbk.,2018-11-05,1375000000.0,Pengembangan,Properties & Real Estate,SATU.JK
SBAT,Sejahtera Bintang Abadi Textil,2020-04-08,4752982378.0,Pemantauan Khusus,Consumer Cyclicals,SBAT.JK
SBMA,Surya Biru Murni Acetylene Tbk,2021-09-08,929926282.0,Pengembangan,Basic Materials,SBMA.JK
SCCO,Supreme Cable Manufacturing &,1982-07-20,822333600.0,Pengembangan,Industrials,SCCO.JK
SCMA,Surya Citra Media Tbk.,2002-07-16,73970569505.0,Utama,Consumer Cyclicals,SCMA.JK
SCNP,Selaras Citra Nusantara Perkas,2020-09-07,2500000000.0,Pengembangan,Consumer Cyclicals,SCNP.JK
SCPI,Organon Pharma Indonesia Tbk.,1990-06-08,3600000.0,Pengembangan,Healthcare,SCPI.JK
SDMU,Sidomulyo Selaras Tbk.,2011-07-12,1135225000.0,Pemantauan Khusus,Transportation & Logistics,SDMU.JK
SDPC,Millennium Pharmacon Internati,1990-05-07,1274000000.0,Pengembangan,Consumer Non-Cyclicals,SDPC.JK
SDRA,Bank Woori Saudara Indonesia 1,2006-12-15,14545267990.0,Utama,Financials,SDRA.JK
SEMA,Semacom Integrated Tbk.,2022-01-10,1347258842.0,Pengembangan,Energy,SEMA.JK
SFAN,Surya Fajar Capital Tbk.,2019-06-19,1359934021.0,Pengembangan,Financials,SFAN.JK
SGER,Sumber Global Energy Tbk.,2020-08-10,15586909438.0,Pengembangan,Energy,SGER.JK
SGRO,Prime Agro Resources Tbk,2007-06-18,1818622000.0,Utama,Consumer Non-Cyclicals,SGRO.JK
SHID,Hotel Sahid Jaya International,1990-05-08,1119326168.0,Pengembangan,Consumer Cyclicals,SHID.JK
SHIP,Sillo Maritime Perdana Tbk.,2016-06-16,2719790000.0,Utama,Energy,SHIP.JK
SICO,Sigma Energy Compressindo Tbk.,2022-04-08,910052814.0,Pengembangan,Energy,SICO.JK
SIDO,Industri Jamu dan Farmasi Sido,2013-12-18,30000000000.0,Utama,Healthcare,SIDO.JK
SILO,Siloam International Hospitals,2013-09-12,13006125000.0,Utama,Healthcare,SILO.JK
SIMA,Siwani Makmur Tbk,1994-06-03,442589871.0,Pemantauan Khusus,Basic Materials,SIMA.JK
SIMP,Salim Ivomas Pratama Tbk.,2011-06-09,15501310000.0,Utama,Consumer Non-Cyclicals,SIMP.JK
SINI,Singaraja Putra Tbk.,2019-11-08,481000000.0,Pemantauan Khusus,Industrials,SINI.JK
SIPD,Sreeya Sewu Indonesia Tbk.,1996-12-27,1839102056.0,Pengembangan,Consumer Non-Cyclicals,SIPD.JK
SKBM,Sekar Bumi Tbk.,2012-09-28,1730103217.0,Pengembangan,Consumer Non-Cyclicals,SKBM.JK
SKLT,Sekar Laut Tbk.,1993-09-08,6907405000.0,Pengembangan,Consumer Non-Cyclicals,SKLT.JK
SKRN,Superkrane Mitra Utama Tbk.,2018-10-11,7500000000.0,Pengembangan,Industrials,SKRN.JK
SKYB,Northcliff Citranusa Indonesia,2010-07-07,585000000.0,Pemantauan Khusus,Technology,SKYB.JK
SLIS,Gaya Abadi Sempurna Tbk.,2019-10-07,2463335910.0,Pengembangan,Consumer Cyclicals,SLIS.JK
SMAR,Sinar Mas Agro Resources and Technology Tbk,1992-11-20,2872193366.0,Pengembangan,Consumer Non-Cyclicals,SMAR.JK
SMBR,Semen Baturaja Tbk.,2013-06-28,9932534336.0,Utama,Basic Materials,SMBR.JK
SMCB,Solusi Bangun Indonesia Tbk.,1977-08-10,9019381973.0,Pemantauan Khusus,Basic Materials,SMCB.JK
SMDM,Suryamas Dutamakmur Tbk.,1995-10-12,4772138237.0,Pengembangan,Properties & Real Estate,SMDM.JK
SMDR,Samudera Indonesia Tbk.,1999-07-05,16375600000.0,Utama,Transportation & Logistics,SMDR.JK
SMGA,Sumber Mineral Global Abadi Tb,2024-01-30,8750000000.0,Pengembangan,Basic Materials,SMGA.JK
SMGR,Semen Indonesia (Persero) Tbk.,1991-07-08,6751540089.0,Utama,Basic Materials,SMGR.JK
SMIL,Sarana Mitra Luas Tbk.,2023-05-12,8750159119.0,Utama,Industrials,SMIL.JK
SMKL,Satyamitra Kemas Lestari Tbk.,2019-07-11,3418085290.0,Pengembangan,Basic Materials,SMKL.JK
SMKM,Sumber Mas Konstruksi Tbk.,2022-03-09,1253000000.0,Akselerasi,Infrastructure,SMKM.JK
SMLE,Sinergi Multi Lestarindo Tbk.,2024-01-10,2328136763.0,Pengembangan,Basic Materials,SMLE.JK
SMMA,Sinarmas Multiartha Tbk.,1995-07-05,6367664717.0,Utama,Financials,SMMA.JK
SMMT,Golden Eagle Energy Tbk.,1997-12-01,3150000000.0,Pemantauan Khusus,Energy,SMMT.JK
SMRA,Summarecon Agung Tbk.,1990-05-07,16508568358.0,Utama,Properties & Real Estate,SMRA.JK
SMRU,SMR Utama Tbk.,2011-10-10,12499385782.0,Pemantauan Khusus,Energy,SMRU.JK
SMSM,Selamat Sempurna Tbk.,1996-09-09,5758675440.0,Utama,Consumer Cyclicals,SMSM.JK
PTSN,Sat Nusapersada Tbk,2007-11-08,5314344000.0,Pengembangan,Technology,PTSN.JK
SNLK,Sunter Lakeside Hotel Tbk.,2021-03-29,450000000.0,Pengembangan,Consumer Cyclicals,SNLK.JK
SPTO,Surya Pertiwi Tbk.,2018-05-14,2700000000.0,Utama,Industrials,SPTO.JK
SOCI,Soechi Lines Tbk.,2014-12-03,7059000000.0,Utama,Energy,SOCI.JK
SOFA,Solusi Environment Asia Tbk,2020-07-07,1653574499.0,Akselerasi,Consumer Cyclicals,SOFA.JK
SOHO,Soho Global Health Tbk.,2020-09-08,12691682390.0,Pengembangan,Healthcare,SOHO.JK
SOLA,Xolare RCR Energy Tbk.,2024-05-08,3281250000.0,Pengembangan,Basic Materials,SOLA.JK
SONA,Sona Topas Tourism Industry Tb,1992-07-21,662400000.0,Pengembangan,Consumer Cyclicals,SONA.JK
SOSS,Shield On Service Tbk.,2018-11-06,799414231.0,Pemantauan Khusus,Industrials,SOSS.JK
SOTS,Satria Mega Kencana Tbk.,2018-12-10,1000003979.0,Pengembangan,Consumer Cyclicals,SOTS.JK
SOUL,Mitra Tirta Buwana Tbk.,2023-01-06,1082526223.0,Akselerasi,Consumer Non-Cyclicals,SOUL.JK
PTSP,Pioneerindo Gourmet Internatio,1994-05-30,220808000.0,Pengembangan,Consumer Cyclicals,PTSP.JK
SPMA,Suparma Tbk.,1994-11-16,3154092216.0,Pengembangan,Basic Materials,SPMA.JK
SPRE,Soraya Berjaya Indonesia Tbk.,2024-07-03,800000000.0,Akselerasi,Consumer Cyclicals,SPRE.JK
SQMI,Wilton Makmur Indonesia Tbk.,2004-07-15,15537591429.0,Pemantauan Khusus,Basic Materials,SQMI.JK
SRAJ,Sejahteraraya Anugrahjaya Tbk.,2011-04-11,12000705445.0,Utama,Healthcare,SRAJ.JK
SRIL,Sri Rejeki Isman Tbk.,2013-06-17,20452176844.0,Pemantauan Khusus,Consumer Cyclicals,SRIL.JK
SRSN,Indo Acidatama Tbk,1993-01-11,6020000000.0,Pengembangan,Basic Materials,SRSN.JK
SRTG,Saratoga Investama Sedaya Tbk.,2013-06-26,13564835000.0,Utama,Financials,SRTG.JK
SSIA,Surya Semesta Internusa Tbk.,1997-03-27,4705249440.0,Utama,Infrastructure,SSIA.JK
SSMS,Sawit Sumbermas Sarana Tbk.,2013-12-12,9525000000.0,Utama,Consumer Non-Cyclicals,SSMS.JK
SSTM,Sunson Textile Manufacture Tbk,1997-08-20,1170909181.0,Pemantauan Khusus,Consumer Cyclicals,SSTM.JK
STAA,Sumber Tani Agung Resources Tb,2022-03-10,10903372600.0,Utama,Consumer Non-Cyclicals,STAA.JK
STAR,Calculus Global Ventures Tbk,2011-07-13,4800000602.0,Pengembangan,Financials,STAR.JK
STRK,Lovina Beach Brewery Tbk.,2023-10-10,10721835562.0,Pengembangan,Consumer Non-Cyclicals,STRK.JK
STTP,Siantar Top Tbk.,1996-12-16,1310000000.0,Pengembangan,Consumer Non-Cyclicals,STTP.JK
SUGI,Sugih Energy Tbk.,2002-06-19,24811541414.0,Pemantauan Khusus,Energy,SUGI.JK
SULI,SLJ Global Tbk.,1994-03-21,5920776836.0,Pengembangan,Basic Materials,SULI.JK
SUNI,Sunindo Pratama Tbk.,2023-01-09,2500000000.0,Utama,Energy,SUNI.JK
SUPR,Solusi Tunas Pratama Tbk.,2011-10-11,1137579698.0,Pemantauan Khusus,Infrastructure,SUPR.JK
SURE,Super Energy Tbk.,2018-10-05,1497576771.0,Pengembangan,Energy,SURE.JK
SURI,Maja Agung Latexindo Tbk.,2023-12-07,6334375000.0,Pengembangan,Healthcare,SURI.JK
SWAT,Sriwahana Adityakarta Tbk.,2018-06-08,3019200000.0,Pemantauan Khusus,Basic Materials,SWAT.JK
SWID,Saraswanti Indoland Developmen,2022-07-07,5385019201.0,Pengembangan,Consumer Cyclicals,SWID.JK
TALF,Tunas Alfin Tbk.,2014-01-17,1353435000.0,Pengembangan,Basic Materials,TALF.JK
TAMA,Lancartama Sejati Tbk.,2020-02-10,1200000696.0,Pemantauan Khusus,Infrastructure,TAMA.JK
TAMU,Pelayaran Tamarin Samudra Tbk.,2017-05-10,37500000000.0,Pemantauan Khusus,Energy,TAMU.JK
TAPG,Triputra Agro Persada Tbk.,2021-04-12,19852540000.0,Utama,Consumer Non-Cyclicals,TAPG.JK
TARA,Agung Semesta Sejahtera Tbk.,2014-07-11,10069645750.0,Pemantauan Khusus,Properties & Real Estate,TARA.JK
TAXI,Express Transindo Utama Tbk.,2012-11-02,10223647156.0,Pemantauan Khusus,Transportation & Logistics,TAXI.JK
TAYS,Jaya Swarasa Agung Tbk.,2021-12-06,1098920000.0,Pengembangan,Consumer Non-Cyclicals,TAYS.JK
TBIG,Tower Bersama Infrastructure T,2010-10-26,22656999445.0,Utama,Infrastructure,TBIG.JK
TBLA,Tunas Baru Lampung Tbk.,2000-02-14,6025373372.0,Utama,Consumer Non-Cyclicals,TBLA.JK
TBMS,Tembaga Mulia Semanan Tbk.,1990-05-23,734680000.0,Pengembangan,Basic Materials,TBMS.JK
TCID,Mandom Indonesia Tbk.,1993-09-30,402133334.0,Pengembangan,Consumer Non-Cyclicals,TCID.JK
TCPI,Transcoal Pacific Tbk.,2018-07-06,5000000000.0,Pengembangan,Energy,TCPI.JK
TDPM,Tianrong Chemicals Industry Tb,2018-04-09,10485050500.0,Pemantauan Khusus,Basic Materials,TDPM.JK
TEBE,Dana Brata Luhur Tbk.,2019-11-18,1285000000.0,Utama,Energy,TEBE.JK
TECH,Indosterling Technomedia Tbk.,2020-06-04,1256300000.0,Pemantauan Khusus,Technology,TECH.JK
TELE,Omni Inovasi Indonesia Tbk.,2012-01-12,7310929389.0,Pemantauan Khusus,Consumer Cyclicals,TELE.JK
TFAS,Telefast Indonesia Tbk.,2019-09-17,1666666500.0,Pengembangan,Technology,TFAS.JK
TFCO,Tifico Fiber Indonesia Tbk.,1980-02-26,4823076400.0,Pemantauan Khusus,Consumer Cyclicals,TFCO.JK
TGKA,Tigaraksa Satria Tbk.,1990-06-11,918492750.0,Pengembangan,Consumer Non-Cyclicals,TGKA.JK
TGRA,Terregra Asia Energy Tbk.,2017-05-16,2750000000.0,Pemantauan Khusus,Infrastructure,TGRA.JK
TGUK,Platinum Wahab Nusantara Tbk.,2023-07-10,3571451815.0,Pengembangan,Consumer Non-Cyclicals,TGUK.JK
TIFA,KDB Tifa Finance Tbk.,2011-07-08,3552213000.0,Pemantauan Khusus,Financials,TIFA.JK
TINS,Timah Tbk.,1995-10-19,7447753454.0,Utama,Basic Materials,TINS.JK
TIRA,Tira Austenite Tbk,1993-07-27,588000000.0,Pengembangan,Industrials,TIRA.JK
TIRT,Tirta Mahakam Resources Tbk,1999-12-13,1011774750.0,Pemantauan Khusus,Basic Materials,TIRT.JK
TKIM,Pabrik Kertas Tjiwi Kimia Tbk.,1990-04-03,3113223570.0,Utama,Basic Materials,TKIM.JK
TLDN,Teladan Prima Agro Tbk.,2022-04-12,12946530200.0,Pengembangan,Consumer Non-Cyclicals,TLDN.JK
TLKM,Telkom Indonesia (Persero) Tbk.,1995-11-14,99062216600.0,Utama,Infrastructure,TLKM.JK
TMAS,Temas Tbk.,2003-07-09,57051500000.0,Utama,Transportation & Logistics,TMAS.JK
TMPO,Tempo Intimedia Tbk.,2001-01-08,1058333250.0,Pengembangan,Consumer Cyclicals,TMPO.JK
TNCA,Trimuda Nuansa Citra Tbk.,2018-06-28,421640000.0,Pengembangan,Transportation & Logistics,TNCA.JK
TOBA,TBS Energi Utama Tbk.,2012-07-06,8167826970.0,Utama,Energy,TOBA.JK
TOOL,Rohartindo Nusantara Luas Tbk.,2022-08-09,2050020320.0,Pengembangan,Consumer Cyclicals,TOOL.JK
TOPS,Totalindo Eka Persada Tbk.,2017-06-16,33330000000.0,Pemantauan Khusus,Infrastructure,TOPS.JK
TOSK,Topindo Solusi Komunika Tbk.,2024-02-07,4375199253.0,Pengembangan,Technology,TOSK.JK
TOTL,Total Bangun Persada Tbk.,2006-07-25,3410000000.0,Utama,Infrastructure,TOTL.JK
TOTO,Surya Toto Indonesia Tbk.,1990-10-30,10320000000.0,Pengembangan,Industrials,TOTO.JK
TOWR,Sarana Menara Nusantara Tbk.,2010-03-08,51014625000.0,Utama,Infrastructure,TOWR.JK
TOYS,Sunindo Adipersada Tbk.,2020-08-06,1435000712.0,Pemantauan Khusus,Consumer Cyclicals,TOYS.JK
TPIA,Chandra Asri Pacific Tbk.,2008-05-26,86511545092.0,Pengembangan,Basic Materials,TPIA.JK
TPMA,Trans Power Marine Tbk.,2013-02-20,3507420034.0,Utama,Energy,TPMA.JK
TRAM,Trada Alam Minera Tbk.,2008-09-10,49643627934.0,Pemantauan Khusus,Energy,TRAM.JK
TRGU,Cerestar Indonesia Tbk.,2022-07-08,7945412700.0,Utama,Consumer Non-Cyclicals,TRGU.JK
TRIL,Triwira Insanlestari Tbk.,2008-01-28,1200000000.0,Pemantauan Khusus,Industrials,TRIL.JK
TRIM,Trimegah Sekuritas Indonesia T,2000-01-31,7109300000.0,Utama,Financials,TRIM.JK
TRIN,Perintis Triniti Properti Tbk.,2020-01-15,4551457346.0,Pengembangan,Properties & Real Estate,TRIN.JK
TRIO,Trikomsel Oke Tbk.,2009-04-14,26007494645.0,Pemantauan Khusus,Consumer Cyclicals,TRIO.JK
TRIS,Trisula International Tbk.,2012-06-28,3141443831.0,Pengembangan,Consumer Cyclicals,TRIS.JK
TRJA,Transkon Jaya Tbk.,2020-08-27,1510200000.0,Pengembangan,Transportation & Logistics,TRJA.JK
TRON,Teknologi Karya Digital Nusa T,2023-03-08,2951293160.0,Pengembangan,Technology,TRON.JK
TRST,Trias Sentosa Tbk.,1990-07-02,2808000000.0,Pengembangan,Basic Materials,TRST.JK
TRUE,Triniti Dinamik Tbk.,2021-06-10,7571107860.0,Pemantauan Khusus,Properties & Real Estate,TRUE.JK
TRUK,Guna Timur Raya Tbk.,2018-05-23,435000000.0,Pengembangan,Transportation & Logistics,TRUK.JK
TRUS,Trust Finance Indonesia Tbk,2002-11-28,800000000.0,Pengembangan,Financials,TRUS.JK
TSPC,Tempo Scan Pacific Tbk.,1994-06-17,4509864300.0,Utama,Healthcare,TSPC.JK
TUGU,Asuransi Tugu Pratama Indonesi,2018-05-28,3555575600.0,Utama,Financials,TUGU.JK
TYRE,King Tire Indonesia Tbk.,2023-05-08,3478044988.0,Pengembangan,Consumer Cyclicals,TYRE.JK
UANG,Pakuan Tbk.,2020-07-06,1210000000.0,Pengembangan,Properties & Real Estate,UANG.JK
UCID,Uni-Charm Indonesia Tbk.,2019-12-20,4156572300.0,Utama,Consumer Non-Cyclicals,UCID.JK
UDNG,Agro Bahari Nusantara Tbk.,2023-10-31,1750040072.0,Akselerasi,Consumer Non-Cyclicals,UDNG.JK
UFOE,Damai Sejahtera Abadi Tbk.,2021-02-01,2287500000.0,Pengembangan,Consumer Cyclicals,UFOE.JK
ULTJ,Ultrajaya Milk Industry & Trad,1990-07-02,11553528000.0,Utama,Consumer Non-Cyclicals,ULTJ.JK
UNIC,Unggul Indah Cahaya Tbk.,1989-11-06,383331363.0,Utama,Basic Materials,UNIC.JK
UNIQ,Ulima Nitra Tbk.,2021-03-08,3138983000.0,Utama,Energy,UNIQ.JK
UNIT,Nusantara Inti Corpora Tbk,2002-04-18,75422200.0,Pemantauan Khusus,Consumer Cyclicals,UNIT.JK
UNSP,Bakrie Sumatera Plantations Tbk.,1990-03-06,2500162344.0,Pemantauan Khusus,Consumer Non-Cyclicals,UNSP.JK
UNTD,Terang Dunia Internusa Tbk.,2024-02-07,6666666700.0,Pengembangan,Consumer Cyclicals,UNTD.JK
UNTR,United Tractors Tbk.,1989-09-19,3730135136.0,Utama,Industrials,UNTR.JK
UNVR,Unilever Indonesia Tbk.,1982-01-11,38150000000.0,Utama,Consumer Non-Cyclicals,UNVR.JK
URBN,Urban Jakarta Propertindo Tbk.,2018-12-10,3232122640.0,Pengembangan,Properties & Real Estate,URBN.JK
UVCR,Trimegah Karya Pratama Tbk.,2021-07-27,2000144838.0,Pengembangan,Technology,UVCR.JK
VAST,Vastland Indonesia Tbk.,2023-02-08,3055712543.0,Pengembangan,Properties & Real Estate,VAST.JK
VERN,Verona Indah Pictures Tbk.,2024-10-08,4765525000.0,Pengembangan,Consumer Cyclicals,VERN.JK
VICI,Victoria Care Indonesia Tbk.,2020-12-17,6708000000.0,Utama,Consumer Non-Cyclicals,VICI.JK
VICO,Victoria Investama Tbk.,2013-07-08,15217075658.0,Pengembangan,Financials,VICO.JK
VINS,Victoria Insurance Tbk.,2015-09-28,1460573616.0,Pengembangan,Financials,VINS.JK
VISI,Satu Visi Putra Tbk.,2024-02-27,3075000000.0,Pengembangan,Industrials,VISI.JK
VIVA,Visi Media Asia Tbk.,2011-11-21,16464270400.0,Pemantauan Khusus,Consumer Cyclicals,VIVA.JK
VKTR,VKTR Teknologi Mobilitas Tbk.,2023-06-19,43750000000.0,Pengembangan,Consumer Cyclicals,VKTR.JK
VOKS,Voksel Electric Tbk.,1990-12-20,4155602595.0,Pengembangan,Industrials,VOKS.JK
VRNA,Mizuho Leasing Indonesia Tbk.,2008-06-25,5687353997.0,Pengembangan,Financials,VRNA.JK
VTNY,Venteny Fortuna International,2022-12-15,6265193445.0,Utama,Financials,VTNY.JK
WAPO,Wahana Pronatural Tbk.,2001-06-22,1240923111.0,Pengembangan,Consumer Non-Cyclicals,WAPO.JK
WEGE,Wijaya Karya Bangunan Gedung T,2017-11-30,9572000000.0,Utama,Infrastructure,WEGE.JK
WEHA,WEHA Transportasi Indonesia Tbk.,2007-05-31,1460554819.0,Pengembangan,Transportation & Logistics,WEHA.JK
WGSH,Wira Global Solusi Tbk.,2021-12-06,1042500000.0,Akselerasi,Technology,WGSH.JK
WICO,Wicaksana Overseas International Tbk.,1994-08-08,2393710348.0,Pemantauan Khusus,Consumer Non-Cyclicals,WICO.JK
WIDI,Widiant Jaya Krenindo Tbk.,2023-07-10,1600031683.0,Akselerasi,Industrials,WIDI.JK
WIFI,Solusi Sinergi Digital Tbk.,2020-12-30,2359355118.0,Pengembangan,Technology,WIFI.JK
WIIM,Wismilak Inti Makmur Tbk.,2012-12-18,2099873760.0,Utama,Consumer Non-Cyclicals,WIIM.JK
WIKA,Wijaya Karya (Persero) Tbk.,2007-10-29,39873063858.0,Pengembangan,Infrastructure,WIKA.JK
WINE,Hatten Bali Tbk.,2023-01-10,2710000000.0,Pengembangan,Consumer Non-Cyclicals,WINE.JK
WINR,Winner Nusantara Jaya Tbk.,2022-04-25,5235293038.0,Pemantauan Khusus,Properties & Real Estate,WINR.JK
WINS,Wintermar Offshore Marine Tbk.,2010-11-29,4364837057.0,Utama,Energy,WINS.JK
WIRG,WIR ASIA Tbk.,2022-04-04,11938622394.0,Pengembangan,Technology,WIRG.JK
WMPP,Widodo Makmur Perkasa Tbk.,2021-12-06,29419000000.0,Pemantauan Khusus,Consumer Non-Cyclicals,WMPP.JK
WMUU,Widodo Makmur Unggas Tbk.,2021-02-02,12941176500.0,Pemantauan Khusus,Consumer Non-Cyclicals,WMUU.JK
WOMF,Wahana Ottomitra Multiartha Tb,2004-12-13,3481481480.0,Pengembangan,Financials,WOMF.JK
WOOD,Integra Indocabinet Tbk.,2017-06-21,6437500000.0,Utama,Consumer Cyclicals,WOOD.JK
WOWS,Ginting Jaya Energi Tbk.,2019-11-08,2475720000.0,Pemantauan Khusus,Energy,WOWS.JK
WSBP,Waskita Beton Precast Tbk.,2016-09-20,55085048699.0,Pemantauan Khusus,Basic Materials,WSBP.JK
WSKT,Waskita Karya (Persero) Tbk.,2012-12-19,28806807016.0,Pemantauan Khusus,Infrastructure,WSKT.JK
WTON,Wijaya Karya Beton Tbk.,2014-04-08,8715466600.0,Utama,Basic Materials,WTON.JK
YELO,Yelooo Integra Datanet Tbk.,2018-10-29,1912774405.0,Pemantauan Khusus,Consumer Cyclicals,YELO.JK
YPAS,Yanaprima Hastapersada Tbk,2008-03-05,668000089.0,Pemantauan Khusus,Basic Materials,YPAS.JK
YULE,Yulie Sekuritas Indonesia Tbk.,2004-12-10,1785000000.0,Pengembangan,Financials,YULE.JK
ZATA,Bersama Zatta Jaya Tbk.,2022-11-10,8496000000.0,Pemantauan Khusus,Consumer Cyclicals,ZATA.JK
ZBRA,Dosni Roha Indonesia Tbk.,1991-08-01,2510706263.0,Pengembangan,Industrials,ZBRA.JK
ZINC,Kapuas Prima Coal Tbk.,2017-10-16,25250000000.0,Pemantauan Khusus,Basic Materials,ZINC.JK
ZONE,Mega Perintis Tbk.,2018-12-12,870171478.0,Pengembangan,Consumer Cyclicals,ZONE.JK
ZYRX,Zyrexindo Mandiri Buana Tbk.,2021-03-30,1333334556.0,Pengembangan,Technology,ZYRX.JK
